feature,importance
value6,0.544237
value11,0.15795685
value4,0.08839532
value7,0.06799286
value3,0.06184812
value5,0.04898045
value8,0.013834844
value1,0.009006619
value9,0.0059915427
value0,0.0017563364
value2,0.0
value10,0.0
