feature,importance
value6,0.6667379
value5,0.14166272
value11,0.0839806
value0,0.044321723
value4,0.027053954
value7,0.018461604
value3,0.0053237034
value1,0.0050569405
value8,0.0040283953
value9,0.0033724927
value2,0.0
value10,0.0
