feature,importance
value6,0.6455226
value11,0.19366303
value3,0.050891977
value5,0.036675286
value8,0.02583845
value4,0.019539975
value0,0.009976518
value9,0.009111293
value1,0.0063930457
value7,0.0023878403
value2,0.0
value10,0.0
