feature,importance
value6,0.5492672
value11,0.17555392
value4,0.091360405
value5,0.09117563
value7,0.061683815
value0,0.014646658
value3,0.0070381146
value9,0.0040986002
value8,0.003495768
value1,0.0016799512
value2,0.0
value10,0.0
