feature,importance
value6,0.5994617
value5,0.15018615
value11,0.115566574
value0,0.032950122
value4,0.028116457
value1,0.023761526
value7,0.020728568
value3,0.01604311
value8,0.008891426
value9,0.0042943507
value2,0.0
value10,0.0
