feature,importance
value6,0.52731013
value11,0.12441204
value5,0.10041045
value7,0.0699134
value4,0.06857512
value0,0.046387345
value3,0.040981825
value8,0.009534339
value1,0.009179417
value9,0.003295893
value2,0.0
value10,0.0
