feature,importance
value6,0.59091973
value7,0.13549261
value10,0.12276349
value5,0.053528227
value0,0.042686753
value4,0.024597768
value3,0.012134016
value8,0.007691525
value1,0.007176921
value9,0.0030089307
value2,0.0
