feature,importance
value10,0.40272278
value6,0.13366415
value0,0.11221269
value4,0.10102204
value3,0.073975734
value5,0.060401253
value7,0.054038756
value1,0.04847
value8,0.013492626
value2,0.0
value9,0.0
