feature,importance
value5,0.6487391
value10,0.20081863
value4,0.041163202
value2,0.02642005
value0,0.022100601
value6,0.01832471
value3,0.013221849
value8,0.012781899
value1,0.0119436225
value7,0.004486258
value9,0.0
