feature,importance
value6,0.59930766
value11,0.18392535
value4,0.083643615
value5,0.073752455
value7,0.04025815
value8,0.014020812
value0,0.003225326
value1,0.0011828891
value3,0.00049756904
value9,0.00018622364
value2,0.0
value10,0.0
