feature,importance
value5,0.73156035
value8,0.1362465
value2,0.12550995
value4,0.003947265
value9,0.00236463
value1,0.00026433787
value6,3.5699155e-05
value7,2.9973764e-05
value0,2.3278182e-05
value3,1.802195e-05
