feature,importance
value5,0.67116636
value2,0.15858029
value8,0.14778093
value6,0.007607294
value4,0.0058596833
value9,0.004164058
value1,0.0024732978
value7,0.0019064127
value0,0.00046089463
value3,8.283957e-07
