feature,importance
value5,0.7600713
value2,0.14779598
value8,0.08502855
value9,0.0033754504
value4,0.0016645516
value6,0.0006312911
value3,0.0005536986
value0,0.00037258462
value7,0.0002764431
value1,0.00023017873
