feature,importance
value5,0.6844562
value8,0.16198386
value2,0.14781527
value4,0.0034795185
value9,0.0008381224
value1,0.0004992023
value6,0.00043948882
value0,0.00029215723
value7,0.00019466529
value3,1.4612167e-06
