feature,importance
value5,0.71824694
value2,0.13862069
value8,0.13216569
value6,0.0035784617
value9,0.0033969674
value4,0.002142822
value7,0.00090248504
value0,0.0006738125
value1,0.00026218695
value3,9.934409e-06
