feature,importance
value5,0.7182035
value2,0.16151653
value8,0.1153934
value9,0.001628346
value0,0.0012684922
value1,0.0010579468
value6,0.00042137856
value7,0.00020960486
value4,0.0002070218
value3,9.382938e-05
