feature,importance
value5,0.75420666
value2,0.12058559
value8,0.11766356
value9,0.0034198426
value6,0.0013476366
value4,0.0012583877
value0,0.00076708634
value7,0.00040074872
value3,0.00034741135
value1,3.0419073e-06
