feature,importance
value5,0.7334602
value2,0.13042401
value8,0.124755576
value9,0.0048638093
value6,0.0033111724
value4,0.002691664
value1,0.00022428377
value3,0.00020949586
value7,5.876182e-05
value0,1.0794313e-06
