feature,importance
value5,0.7100958
value2,0.14290677
value8,0.13524982
value6,0.004923781
value4,0.003570995
value9,0.0013257259
value7,0.00077823986
value1,0.0005065571
value3,0.0003757223
value0,0.0002665628
