feature,importance
value5,0.7149865
value8,0.14500692
value2,0.13076398
value4,0.0041192193
value6,0.0036609059
value7,0.00076733524
value9,0.000521028
value1,9.2971e-05
value0,6.557603e-05
value3,1.5490225e-05
