feature,importance
value3,0.41712156
value2,0.38309273
value1,0.16713358
value0,0.025901727
value4,0.006750379
