feature,importance
value3,0.48386228
value2,0.47381014
value4,0.027757201
value0,0.014570342
value1,0.0
