feature,importance
value3,0.4074372
value2,0.39030358
value1,0.17097288
value0,0.02413421
value4,0.0071522063
