feature,importance
value3,0.42607877
value2,0.4009367
value1,0.14593431
value0,0.02098793
value4,0.006062322
