feature,importance
value3,0.38940793
value2,0.3835826
value1,0.19151978
value0,0.02774173
value4,0.0077480366
