feature,importance
value3,0.3886814
value2,0.37208334
value1,0.20926772
value0,0.018974531
value4,0.010993023
