feature,importance
value2,0.48102584
value3,0.46489656
value4,0.030889519
value0,0.023187999
value1,0.0
