feature,importance
value2,0.49049217
value3,0.46440348
value4,0.024150096
value0,0.020954257
value1,0.0
