feature,importance
value2,0.42707035
value3,0.41440985
value1,0.11992545
value0,0.035968333
value4,0.002626083
