feature,importance
value2,0.39669454
value3,0.38905218
value1,0.17261736
value0,0.03640347
value4,0.0052324687
