feature,importance
value1,0.12764251
Promo2,0.120106846
value1,0.09806747
CompetitionDistance,0.08733569
Promo2SinceWeek,0.081041634
value3,0.07494844
Promo2SinceYear,0.06181066
value3,0.046721864
CompetitionOpenSinceYear,0.04445331
value2,0.04314681
value1,0.041852362
CompetitionOpenSinceMonth,0.041495584
value2,0.041081537
value2,0.032039978
value0,0.024708452
value0,0.017814916
value0,0.015731888
