feature,importance
value1,0.11774115
value1,0.11112794
Promo2,0.08920163
CompetitionDistance,0.075931765
Promo2SinceWeek,0.06972642
value3,0.06053698
value1,0.059148047
value2,0.05855619
value2,0.057204735
Promo2SinceYear,0.054477632
value2,0.04452384
value3,0.041190553
CompetitionOpenSinceYear,0.039842304
CompetitionOpenSinceMonth,0.039251085
value0,0.0391179
value0,0.021645391
value0,0.02077643
