feature,importance
value1,0.109848015
value1,0.10803035
Promo2,0.08977357
CompetitionDistance,0.08817533
value3,0.08152016
Promo2SinceWeek,0.074269444
Promo2SinceYear,0.05928432
value2,0.05599278
value1,0.055963606
CompetitionOpenSinceMonth,0.04398244
CompetitionOpenSinceYear,0.043001458
value2,0.041002173
value3,0.040051483
value0,0.032631095
value2,0.028516812
value0,0.024106208
value0,0.023850836
