feature,importance
value1,0.1361902
value1,0.10326671
CompetitionDistance,0.082332216
Promo2SinceWeek,0.08183509
Promo2,0.076120526
Promo2SinceYear,0.06470533
value3,0.06160328
value2,0.05961115
value3,0.057746958
value1,0.04808161
value2,0.045798276
CompetitionOpenSinceYear,0.040657565
value0,0.036652043
CompetitionOpenSinceMonth,0.034316916
value2,0.030788442
value0,0.020323707
value0,0.019970002
