feature,importance
value1,0.118660085
value3,0.10842318
Promo2,0.09369311
CompetitionDistance,0.07840235
Promo2SinceWeek,0.07657778
value2,0.06951432
value1,0.05576004
value3,0.05469671
Promo2SinceYear,0.05248616
value2,0.05028875
value1,0.048349116
value2,0.042544335
CompetitionOpenSinceMonth,0.04043496
CompetitionOpenSinceYear,0.03756168
value0,0.03396423
value0,0.020198343
value0,0.018444853
