feature,importance
value1,0.12896271
Promo2,0.11247484
value1,0.1014613
Promo2SinceWeek,0.08403675
CompetitionDistance,0.07824123
value3,0.06707413
Promo2SinceYear,0.05533995
value1,0.048673045
value2,0.045670636
value3,0.043132436
CompetitionOpenSinceMonth,0.042957336
value2,0.038874563
CompetitionOpenSinceYear,0.038556874
value2,0.038323905
value0,0.030557953
value0,0.025388762
value0,0.020273581
