feature,importance
value1,0.104343705
value1,0.09290247
Promo2SinceWeek,0.08969286
CompetitionDistance,0.08296783
value2,0.0780101
Promo2,0.0749211
value3,0.06457312
value2,0.060682826
Promo2SinceYear,0.053408314
CompetitionOpenSinceMonth,0.047426324
value2,0.047108512
value1,0.04352726
CompetitionOpenSinceYear,0.043431498
value3,0.04111528
value0,0.027884053
value0,0.025498385
value0,0.022506362
