feature,importance
value1,0.12448057
value1,0.10421349
CompetitionDistance,0.087961964
Promo2,0.08479811
Promo2SinceWeek,0.08401552
Promo2SinceYear,0.06288554
value2,0.055376876
value3,0.054847177
value2,0.05474655
value1,0.04823949
value3,0.04547903
CompetitionOpenSinceYear,0.04099942
CompetitionOpenSinceMonth,0.038748477
value2,0.036494236
value0,0.031646732
value0,0.02281745
value0,0.02224947
