feature,importance
value1,0.12244201
value1,0.09342498
Promo2,0.08978514
value1,0.08315851
Promo2SinceWeek,0.0780583
CompetitionDistance,0.07524624
value3,0.07391259
value2,0.06333551
Promo2SinceYear,0.060484648
value2,0.042115267
CompetitionOpenSinceMonth,0.039245285
CompetitionOpenSinceYear,0.035394456
value3,0.03515771
value2,0.033864208
value0,0.029145025
value0,0.02261512
value0,0.022614932
