feature,importance
value1,0.12667888
value3,0.11744281
Promo2SinceWeek,0.08939008
CompetitionDistance,0.08631429
value1,0.077059895
Promo2,0.06614839
Promo2SinceYear,0.06087067
value3,0.05984992
CompetitionOpenSinceYear,0.04616344
value2,0.04523332
CompetitionOpenSinceMonth,0.04370033
value0,0.042712178
value1,0.041892115
value2,0.027391994
value2,0.026000412
value0,0.022584086
value0,0.020567188
