feature,importance
Promo2,0.0967288
Promo2SinceWeek,0.08457923
value3,0.07905349
value2,0.0735282
value2,0.06738511
value3,0.0665678
Promo2SinceYear,0.06628976
value1,0.062803425
value1,0.05773272
value0,0.05714922
value1,0.055534814
CompetitionOpenSinceYear,0.049879037
CompetitionDistance,0.041246556
CompetitionOpenSinceMonth,0.04118583
value0,0.039129525
value0,0.03266788
value2,0.028538626
