feature,importance
value1,0.114289
Promo2SinceWeek,0.091196924
value2,0.07548156
value2,0.06746888
Promo2SinceYear,0.06334527
Promo2,0.05973356
value1,0.05731178
value3,0.056150954
value3,0.055143487
value0,0.053518478
CompetitionOpenSinceYear,0.053010467
value1,0.052964237
value2,0.05284192
CompetitionDistance,0.04386302
CompetitionOpenSinceMonth,0.036664817
value0,0.03639625
value0,0.030619398
