feature,importance
value1,0.094428964
Promo2SinceWeek,0.09030001
value3,0.07903856
Promo2SinceYear,0.072423086
value0,0.07000087
value0,0.063955404
value2,0.059544075
value3,0.05682702
CompetitionOpenSinceYear,0.050903834
CompetitionOpenSinceMonth,0.04984756
value2,0.049243983
Promo2,0.048207927
value1,0.04614619
CompetitionDistance,0.045966327
value1,0.043965757
value2,0.04207122
value0,0.03712924
