feature,importance
value3,0.15147854
value1,0.09178301
Promo2SinceWeek,0.08252208
value2,0.061792064
value3,0.06167968
Promo2SinceYear,0.060881265
value1,0.05739768
value0,0.056937225
CompetitionOpenSinceYear,0.05403924
value0,0.05039358
value2,0.047882628
value2,0.044674587
CompetitionDistance,0.040980972
value1,0.03968192
Promo2,0.035817906
CompetitionOpenSinceMonth,0.033614777
value0,0.028442752
