feature,importance
value3,0.087856
Promo2SinceWeek,0.07986535
value2,0.075010724
value1,0.07265349
value3,0.069944255
Promo2,0.06692798
value1,0.0667496
value2,0.06305914
Promo2SinceYear,0.06305798
value2,0.05570966
CompetitionOpenSinceYear,0.050259273
value1,0.046272274
value0,0.044360436
CompetitionDistance,0.043798383
CompetitionOpenSinceMonth,0.04054107
value0,0.037803397
value0,0.036130987
