feature,importance
value1,0.103504956
value3,0.08846275
Promo2SinceWeek,0.07691422
value2,0.07202072
value1,0.06499737
value3,0.064843506
value2,0.06303147
Promo2SinceYear,0.059522204
CompetitionOpenSinceYear,0.052432604
Promo2,0.05240795
value1,0.05189682
value2,0.050031014
value0,0.04853675
value0,0.039238837
CompetitionDistance,0.03821295
value0,0.037174452
CompetitionOpenSinceMonth,0.03677138
