feature,importance
value2,0.094017625
value1,0.09241198
Promo2,0.08069978
value3,0.08013238
Promo2SinceWeek,0.07146439
value2,0.06289394
value1,0.058457024
Promo2SinceYear,0.057131354
value2,0.056703717
value1,0.056145877
value0,0.050292365
CompetitionOpenSinceYear,0.046004243
value3,0.045145024
CompetitionOpenSinceMonth,0.040533934
value0,0.03958349
CompetitionDistance,0.038016967
value0,0.030365882
