feature,importance
value1,0.112971
value2,0.087570585
Promo2SinceWeek,0.08191599
value3,0.07621324
value2,0.066287756
Promo2SinceYear,0.0648157
value0,0.060944468
value1,0.056383245
value1,0.05593703
Promo2,0.0547684
CompetitionOpenSinceYear,0.052267216
value3,0.04661338
value2,0.04332139
CompetitionDistance,0.040865332
CompetitionOpenSinceMonth,0.036271065
value0,0.033273667
value0,0.029580502
