feature,importance
value3,0.12807925
value1,0.08534424
Promo2,0.07868149
Promo2SinceWeek,0.07192587
value1,0.06684863
Promo2SinceYear,0.06477155
value2,0.061583374
value0,0.0567549
value3,0.051266335
value1,0.049934316
CompetitionOpenSinceYear,0.049050152
value0,0.046521664
value2,0.04646048
value2,0.042250946
CompetitionDistance,0.037461437
CompetitionOpenSinceMonth,0.037205506
value0,0.025859807
