feature,importance
value1,0.085721485
value2,0.08296564
value3,0.082389474
value1,0.082239725
Promo2SinceWeek,0.0763358
value3,0.06319156
Promo2SinceYear,0.06093105
Promo2,0.059843943
value2,0.053860962
value2,0.053729486
CompetitionOpenSinceYear,0.053607967
value1,0.05178346
value0,0.045549776
CompetitionOpenSinceMonth,0.043481365
CompetitionDistance,0.042010635
value0,0.03717753
value0,0.02518016
