feature,importance
value5,0.29315615
type,0.24194749
value1,0.23959951
charge,0.11794711
value6,0.09537193
value3,0.01197781
value0,0.0
value2,0.0
value4,0.0
