feature,importance
value1,0.2577105
type,0.20037566
value6,0.1755547
value5,0.15384184
charge,0.103360765
value0,0.044144254
value3,0.04091826
value2,0.024094049
value4,0.0
