feature,importance
type,0.32976064
value1,0.28269988
value5,0.16555178
charge,0.15909614
value6,0.0538491
value3,0.009042477
value0,0.0
value2,0.0
value4,0.0
