feature,importance
value1,0.3307975
type,0.22044973
value6,0.16925283
value5,0.14427334
charge,0.1057736
value3,0.029452953
value0,0.0
value2,0.0
value4,0.0
