feature,importance
type,0.24382603
value5,0.20581175
value1,0.20161188
value4,0.16960101
charge,0.12546688
value3,0.030757546
value0,0.022924904
value2,0.0
