feature,importance
value1,0.25581452
value5,0.19042571
value6,0.16006792
type,0.15634558
value3,0.11094878
charge,0.077063255
value0,0.049334217
value2,0.0
value4,0.0
