feature,importance
value1,0.3049051
value6,0.22079575
type,0.19705121
value5,0.13573858
charge,0.09953121
value3,0.04197816
value0,0.0
value2,0.0
value4,0.0
