feature,importance
value1,0.28778642
type,0.22577783
value5,0.15261984
charge,0.12470685
value6,0.12276693
value0,0.062015824
value3,0.024326297
value2,0.0
value4,0.0
