feature,importance
value6,0.25871357
value1,0.22770098
value5,0.19742015
type,0.18207069
charge,0.09705191
value3,0.03211227
value2,0.002506397
value0,0.002424051
value4,0.0
