feature,importance
value1,0.23835416
type,0.21757407
value6,0.15818985
value5,0.12723981
charge,0.11895317
value0,0.052862145
value3,0.044376314
value2,0.04245047
value4,0.0
