feature,importance
inda,0.28062928
logp,0.2175537
value0,0.21010467
lumo,0.1782655
ind1,0.1134468
value1,0.0
