feature,importance
value0,0.23204254
inda,0.21030365
logp,0.19038396
lumo,0.18846937
ind1,0.17880043
value1,0.0
