feature,importance
inda,0.33915964
logp,0.18554488
ind1,0.17420758
lumo,0.16229509
value0,0.13879284
value1,0.0
