feature,importance
inda,0.2946844
logp,0.18270321
lumo,0.17830114
value0,0.17562203
ind1,0.16868918
value1,0.0
