feature,importance
inda,0.30083892
value0,0.21209696
logp,0.18619019
lumo,0.16271935
ind1,0.13815458
value1,0.0
