feature,importance
inda,0.26415431
logp,0.2094189
lumo,0.1949088
ind1,0.18586253
value0,0.14565545
value1,0.0
