feature,importance
inda,0.29733157
ind1,0.2289151
logp,0.18952252
lumo,0.16288973
value0,0.12134115
value1,0.0
