feature,importance
inda,0.22029029
logp,0.21497147
ind1,0.20726652
value0,0.18337125
lumo,0.17410046
value1,0.0
