feature,importance
inda,0.32577896
ind1,0.20323904
logp,0.1838513
lumo,0.17155983
value0,0.115570836
value1,0.0
