feature,importance
value0,0.21490857
logp,0.20273761
ind1,0.19527599
inda,0.19453906
lumo,0.19253877
value1,0.0
