{
    "dataset_name": "biodegradability",
    "metrics": {
        "single_table": {
            "atom": {
                "xgboost_detection": {
                    "scores": [
                        0.9109182935647144,
                        0.8781465448132115,
                        0.9034684496447973,
                        0.9023650697392359,
                        0.9150595575723199,
                        0.8528113605833814,
                        0.9079082005554744,
                        0.9146781354051055,
                        0.904175123224123,
                        0.9036522888778714
                    ],
                    "mean": 0.8993183023980235,
                    "std": 0.018363211447937743,
                    "min": 0.8528113605833814,
                    "max": 0.9150595575723199,
                    "median": 0.9039137060509972
                },
                "cardinality": {
                    "scores": [
                        0.8212634822804314,
                        0.7211377089333908,
                        0.6631741140215717,
                        0.6970635576525759,
                        0.7717514124293785,
                        0.6957843266816439,
                        0.888135593220339,
                        0.6896830962398985,
                        0.8336928608115048,
                        0.7208286862731859,
                        0.6797123780174628,
                        0.6868141507762249,
                        0.8949152542372881,
                        0.7020347923423113,
                        0.78602978941962,
                        0.7070788308368448,
                        0.8969594594594594,
                        0.701770484423031,
                        0.8150337837837838,
                        0.6986339356631002
                    ],
                    "mean": 0.7535748848751525,
                    "std": 0.0762068619517513,
                    "min": 0.6631741140215717,
                    "max": 0.8969594594594594,
                    "median": 0.7139537585550153
                }
            },
            "bond": {
                "xgboost_detection": {
                    "scores": [
                        0.9169986719787516,
                        0.8844061650045331,
                        0.9062626809143784,
                        0.9028297649348704,
                        0.9221845672575599,
                        0.8543307086614174,
                        0.9109436069235064,
                        0.9175475687103594,
                        0.9094024122807017,
                        0.9085527340707276
                    ],
                    "mean": 0.9033458880736805,
                    "std": 0.01906429941909333,
                    "min": 0.8543307086614174,
                    "max": 0.9221845672575599,
                    "median": 0.9089775731757146
                },
                "cardinality": {
                    "scores": [
                        0.7211377089333908,
                        0.6970635576525759,
                        0.6957843266816439,
                        0.6896830962398985,
                        0.7208286862731859,
                        0.6868141507762249,
                        0.7020347923423113,
                        0.7070788308368448,
                        0.701770484423031,
                        0.6986339356631002
                    ],
                    "mean": 0.7020829569822207,
                    "std": 0.010969049657165565,
                    "min": 0.6868141507762249,
                    "max": 0.7211377089333908,
                    "median": 0.7002022100430656
                }
            },
            "molecule": {
                "xgboost_detection": {
                    "scores": [
                        0.9603658536585366,
                        0.9634146341463414,
                        0.9573170731707317,
                        0.9634146341463414,
                        0.9634146341463414,
                        0.9634146341463414,
                        0.9542682926829268,
                        0.9725609756097561,
                        0.975609756097561,
                        0.9603658536585366
                    ],
                    "mean": 0.9634146341463415,
                    "std": 0.0060975609756097615,
                    "min": 0.9542682926829268,
                    "max": 0.975609756097561,
                    "median": 0.9634146341463414
                },
                "cardinality": {
                    "scores": [
                        0.8212634822804314,
                        0.6631741140215717,
                        0.7717514124293785,
                        0.888135593220339,
                        0.8336928608115048,
                        0.6797123780174628,
                        0.8949152542372881,
                        0.78602978941962,
                        0.8969594594594594,
                        0.8150337837837838
                    ],
                    "mean": 0.805066812768084,
                    "std": 0.07868808226423782,
                    "min": 0.6631741140215717,
                    "max": 0.8969594594594594,
                    "median": 0.8181486330321076
                }
            }
        },
        "multi_table": {}
    }
}