{
    "dataset_name": "biodegradability",
    "metrics": {
        "single_table": {
            "atom": {
                "xgboost_detection": {
                    "scores": [
                        0.8149882903981265,
                        0.9354151880766501,
                        0.945925925925926,
                        0.8614088820826953,
                        0.8507109004739336
                    ],
                    "mean": 0.8816898373914663,
                    "std": 0.05066122072855032,
                    "min": 0.8149882903981265,
                    "max": 0.945925925925926,
                    "median": 0.8614088820826953
                },
                "cardinality": {
                    "scores": [
                        0.5454545454545454,
                        0.9442071086807929,
                        0.8181818181818181,
                        0.9565789473684211,
                        0.5454545454545454,
                        0.9523809523809523,
                        0.5757575757575757,
                        0.9487577639751553,
                        0.5454545454545454,
                        0.9449081803005008
                    ],
                    "mean": 0.7777135983008852,
                    "std": 0.1875335800029751,
                    "min": 0.5454545454545454,
                    "max": 0.9565789473684211,
                    "median": 0.8811944634313056
                }
            },
            "bond": {
                "xgboost_detection": {
                    "scores": [
                        0.5173745173745173,
                        0.4608879492600423,
                        0.4885608856088561,
                        0.506838905775076,
                        0.5299212598425197
                    ],
                    "mean": 0.5007167035722022,
                    "std": 0.024091342045838873,
                    "min": 0.4608879492600423,
                    "max": 0.5299212598425197,
                    "median": 0.506838905775076
                },
                "cardinality": {
                    "scores": [
                        0.9442071086807929,
                        0.9565789473684211,
                        0.9523809523809523,
                        0.9487577639751553,
                        0.9449081803005008
                    ],
                    "mean": 0.9493665905411645,
                    "std": 0.004646995008258135,
                    "min": 0.9442071086807929,
                    "max": 0.9565789473684211,
                    "median": 0.9487577639751553
                }
            },
            "molecule": {
                "xgboost_detection": {
                    "scores": [
                        0.5151515151515151,
                        0.3939393939393939,
                        0.6515151515151515,
                        0.4696969696969697,
                        0.5151515151515151
                    ],
                    "mean": 0.509090909090909,
                    "std": 0.08386880304907907,
                    "min": 0.3939393939393939,
                    "max": 0.6515151515151515,
                    "median": 0.5151515151515151
                },
                "cardinality": {
                    "scores": [
                        0.5454545454545454,
                        0.8181818181818181,
                        0.5454545454545454,
                        0.5757575757575757,
                        0.5454545454545454
                    ],
                    "mean": 0.606060606060606,
                    "std": 0.10670798097975155,
                    "min": 0.5454545454545454,
                    "max": 0.8181818181818181,
                    "median": 0.5454545454545454
                }
            }
        },
        "multi_table": {
            "parent_child_discriminative_detection": {
                "scores": [
                    0.6657207718501703,
                    0.5801526717557252,
                    0.6101604278074866,
                    0.6653609401231113,
                    0.6740524781341107
                ],
                "mean": 0.6390894579341209,
                "std": 0.03723510168621044,
                "min": 0.5801526717557252,
                "max": 0.6740524781341107,
                "median": 0.6653609401231113
            }
        }
    }
}