{
    "dataset_name": "biodegradability",
    "metrics": {
        "single_table": {
            "atom": {
                "xgboost_detection": {
                    "scores": [
                        0.5209339774557166,
                        0.4889655172413793,
                        0.5072463768115942,
                        0.49883268482490273,
                        0.5004170141784821,
                        0.5022712524334848,
                        0.5391367959034382,
                        0.46147110332749564,
                        0.49075500770416025,
                        0.4876977152899824
                    ],
                    "mean": 0.49977274451706366,
                    "std": 0.01967653583688235,
                    "min": 0.46147110332749564,
                    "max": 0.5391367959034382,
                    "median": 0.4996248495016924
                },
                "cardinality": {
                    "scores": [
                        0.8181818181818181,
                        0.5200251026928343,
                        0.7272727272727273,
                        0.5187833714721586,
                        0.8181818181818181,
                        0.5032231233104596,
                        0.8484848484848485,
                        0.49117983352874484,
                        0.7878787878787878,
                        0.4967584863661658,
                        0.7878787878787878,
                        0.49522115426727176,
                        0.7575757575757576,
                        0.5476319700200297,
                        0.7878787878787878,
                        0.5394270375341325,
                        0.875,
                        0.5021006657055933,
                        0.75,
                        0.4656993185295072
                    ],
                    "mean": 0.6519191698380115,
                    "std": 0.14797933842048092,
                    "min": 0.4656993185295072,
                    "max": 0.875,
                    "median": 0.6374523486463786
                }
            },
            "bond": {
                "xgboost_detection": {
                    "scores": [
                        0.5055379746835443,
                        0.5051746442432082,
                        0.5223983459682977,
                        0.528343023255814,
                        0.5185483870967742,
                        0.5256410256410257,
                        0.5680433310765064,
                        0.4760705289672544,
                        0.5143277002204262,
                        0.5200327064595257
                    ],
                    "mean": 0.5184117667612378,
                    "std": 0.02187038886883784,
                    "min": 0.4760705289672544,
                    "max": 0.5680433310765064,
                    "median": 0.5192905467781499
                },
                "cardinality": {
                    "scores": [
                        0.5200251026928343,
                        0.5187833714721586,
                        0.5032231233104596,
                        0.49117983352874484,
                        0.4967584863661658,
                        0.49522115426727176,
                        0.5476319700200297,
                        0.5394270375341325,
                        0.5021006657055933,
                        0.4656993185295072
                    ],
                    "mean": 0.5080050063426899,
                    "std": 0.02288840876150857,
                    "min": 0.4656993185295072,
                    "max": 0.5476319700200297,
                    "median": 0.5026618945080265
                }
            },
            "molecule": {
                "xgboost_detection": {
                    "scores": [
                        0.7272727272727273,
                        0.6515151515151515,
                        0.696969696969697,
                        0.6818181818181818,
                        0.6212121212121212,
                        0.5909090909090909,
                        0.5,
                        0.7272727272727273,
                        0.71875,
                        0.640625
                    ],
                    "mean": 0.6556344696969697,
                    "std": 0.06817657347778595,
                    "min": 0.5,
                    "max": 0.7272727272727273,
                    "median": 0.6666666666666666
                },
                "cardinality": {
                    "scores": [
                        0.8181818181818181,
                        0.7272727272727273,
                        0.8181818181818181,
                        0.8484848484848485,
                        0.7878787878787878,
                        0.7878787878787878,
                        0.7575757575757576,
                        0.7878787878787878,
                        0.875,
                        0.75
                    ],
                    "mean": 0.7958333333333333,
                    "std": 0.04300368628357486,
                    "min": 0.7272727272727273,
                    "max": 0.875,
                    "median": 0.7878787878787878
                }
            }
        },
        "multi_table": {
            "parent_child_discriminative_detection": {
                "scores": [
                    0.864921780986763,
                    0.8379671832269827,
                    0.8998118532455315,
                    0.7943358057990559,
                    0.7693803834398444,
                    0.7266081871345029,
                    0.7520838294832103,
                    0.8448108632395732,
                    0.8663525911232334,
                    0.8638922888616891
                ],
                "mean": 0.8220164766540385,
                "std": 0.05469585381942323,
                "min": 0.7266081871345029,
                "max": 0.8998118532455315,
                "median": 0.8413890232332779
            }
        }
    }
}