{
    "dataset_name": "biodegradability",
    "metrics": {
        "single_table": {
            "atom": {
                "xgboost_detection": {
                    "scores": [
                        0.561877667140825,
                        0.36981757877280264,
                        0.493050475493782,
                        0.5172413793103449,
                        0.5181013676588898,
                        0.3804523424878837,
                        0.5340236686390533,
                        0.5358490566037736,
                        0.5325318246110325,
                        0.5205592105263158
                    ],
                    "mean": 0.49635045712447035,
                    "std": 0.06287427571871836,
                    "min": 0.36981757877280264,
                    "max": 0.561877667140825,
                    "median": 0.5193302890926028
                },
                "cardinality": {
                    "scores": [
                        0.7575757575757576,
                        0.7219258589511754,
                        0.5454545454545454,
                        0.6846766580127448,
                        0.7575757575757576,
                        0.731595308746644,
                        0.8484848484848485,
                        0.6918219461697723,
                        0.8484848484848485,
                        0.72900486317776,
                        0.696969696969697,
                        0.6820905892480976,
                        0.7575757575757576,
                        0.7130457723255508,
                        0.7878787878787878,
                        0.7254895225008589,
                        0.8125,
                        0.6964858669206181,
                        0.84375,
                        0.7326136262021088
                    ],
                    "mean": 0.7382500006127666,
                    "std": 0.06875836464691669,
                    "min": 0.5454545454545454,
                    "max": 0.8484848484848485,
                    "median": 0.730300085962202
                }
            },
            "bond": {
                "xgboost_detection": {
                    "scores": [
                        0.5852687458526875,
                        0.3651452282157676,
                        0.5180806675938804,
                        0.5134932533733133,
                        0.5328638497652582,
                        0.3743961352657005,
                        0.5433070866141733,
                        0.5568181818181818,
                        0.5472602739726027,
                        0.5522501906941266
                    ],
                    "mean": 0.5088883613165691,
                    "std": 0.07217984910473338,
                    "min": 0.3651452282157676,
                    "max": 0.5852687458526875,
                    "median": 0.5380854681897158
                },
                "cardinality": {
                    "scores": [
                        0.7219258589511754,
                        0.6846766580127448,
                        0.731595308746644,
                        0.6918219461697723,
                        0.72900486317776,
                        0.6820905892480976,
                        0.7130457723255508,
                        0.7254895225008589,
                        0.6964858669206181,
                        0.7326136262021088
                    ],
                    "mean": 0.710875001225533,
                    "std": 0.01912059215291445,
                    "min": 0.6820905892480976,
                    "max": 0.7326136262021088,
                    "median": 0.7174858156383631
                }
            },
            "molecule": {
                "xgboost_detection": {
                    "scores": [
                        0.6818181818181818,
                        0.6212121212121212,
                        0.7424242424242424,
                        0.8333333333333334,
                        0.6212121212121212,
                        0.7424242424242424,
                        0.6212121212121212,
                        0.6060606060606061,
                        0.6875,
                        0.59375
                    ],
                    "mean": 0.6750946969696969,
                    "std": 0.07375483682836341,
                    "min": 0.59375,
                    "max": 0.8333333333333334,
                    "median": 0.6515151515151515
                },
                "cardinality": {
                    "scores": [
                        0.7575757575757576,
                        0.5454545454545454,
                        0.7575757575757576,
                        0.8484848484848485,
                        0.8484848484848485,
                        0.696969696969697,
                        0.7575757575757576,
                        0.7878787878787878,
                        0.8125,
                        0.84375
                    ],
                    "mean": 0.765625,
                    "std": 0.08712661585678952,
                    "min": 0.5454545454545454,
                    "max": 0.8484848484848485,
                    "median": 0.7727272727272727
                }
            }
        },
        "multi_table": {
            "parent_child_discriminative_detection": {
                "scores": [
                    0.6361968816875573,
                    0.7105149286023367,
                    0.7264900662251655,
                    0.8506119510439165,
                    0.7629796839729119,
                    0.7671232876712328,
                    0.6342480027787426,
                    0.6571428571428571,
                    0.694300518134715,
                    0.6539142755933404
                ],
                "mean": 0.7093522452852776,
                "std": 0.0659400139355586,
                "min": 0.6342480027787426,
                "max": 0.8506119510439165,
                "median": 0.7024077233685259
            }
        }
    }
}