{
    "dataset_name": "biodegradability",
    "metrics": {
        "single_table": {
            "atom": {
                "xgboost_detection": {
                    "scores": [
                        0.5560064935064936,
                        0.5558620689655173,
                        0.5782608695652174,
                        0.5369649805447471,
                        0.5701168614357263,
                        0.5788787483702738,
                        0.5174603174603175,
                        0.521891418563923,
                        0.5785824345146379,
                        0.5509666080843585
                    ],
                    "mean": 0.5544990801011213,
                    "std": 0.02177635526340447,
                    "min": 0.5174603174603175,
                    "max": 0.5788787483702738,
                    "median": 0.5559342812360054
                },
                "cardinality": {
                    "scores": [
                        0.8181818181818181,
                        0.5200251026928343,
                        0.7272727272727273,
                        0.5187833714721586,
                        0.8181818181818181,
                        0.5032231233104596,
                        0.8484848484848485,
                        0.49117983352874484,
                        0.7878787878787878,
                        0.4967584863661658,
                        0.7878787878787878,
                        0.49522115426727176,
                        0.7575757575757576,
                        0.5476319700200297,
                        0.7878787878787878,
                        0.5394270375341325,
                        0.875,
                        0.5021006657055933,
                        0.75,
                        0.4656993185295072
                    ],
                    "mean": 0.6519191698380115,
                    "std": 0.14797933842048092,
                    "min": 0.4656993185295072,
                    "max": 0.875,
                    "median": 0.6374523486463786
                }
            },
            "bond": {
                "xgboost_detection": {
                    "scores": [
                        0.7728,
                        0.8339869281045752,
                        0.8484848484848485,
                        0.8443759630200308,
                        0.8542713567839196,
                        0.8500643500643501,
                        0.8236677115987461,
                        0.8236775818639799,
                        0.8388804841149773,
                        0.8415672913117547
                    ],
                    "mean": 0.8331776515347183,
                    "std": 0.022404311675967584,
                    "min": 0.7728,
                    "max": 0.8542713567839196,
                    "median": 0.840223887713366
                },
                "cardinality": {
                    "scores": [
                        0.5200251026928343,
                        0.5187833714721586,
                        0.5032231233104596,
                        0.49117983352874484,
                        0.4967584863661658,
                        0.49522115426727176,
                        0.5476319700200297,
                        0.5394270375341325,
                        0.5021006657055933,
                        0.4656993185295072
                    ],
                    "mean": 0.5080050063426899,
                    "std": 0.02288840876150857,
                    "min": 0.4656993185295072,
                    "max": 0.5476319700200297,
                    "median": 0.5026618945080265
                }
            },
            "molecule": {
                "xgboost_detection": {
                    "scores": [
                        0.7575757575757576,
                        0.7272727272727273,
                        0.803030303030303,
                        0.7878787878787878,
                        0.803030303030303,
                        0.7575757575757576,
                        0.7272727272727273,
                        0.8484848484848485,
                        0.90625,
                        0.796875
                    ],
                    "mean": 0.7915246212121212,
                    "std": 0.05222520707958256,
                    "min": 0.7272727272727273,
                    "max": 0.90625,
                    "median": 0.7923768939393939
                },
                "cardinality": {
                    "scores": [
                        0.8181818181818181,
                        0.7272727272727273,
                        0.8181818181818181,
                        0.8484848484848485,
                        0.7878787878787878,
                        0.7878787878787878,
                        0.7575757575757576,
                        0.7878787878787878,
                        0.875,
                        0.75
                    ],
                    "mean": 0.7958333333333333,
                    "std": 0.04300368628357486,
                    "min": 0.7272727272727273,
                    "max": 0.875,
                    "median": 0.7878787878787878
                }
            }
        },
        "multi_table": {}
    }
}