{
    "dataset_name": "biodegradability",
    "metrics": {
        "single_table": {
            "atom": {
                "ks_test": {
                    "scores": [
                        0.579838194592293,
                        0.525847746574918,
                        0.5508701095020313,
                        0.6116721933264881,
                        0.5439936299178064,
                        0.5610604085180356,
                        0.5385437835264825,
                        0.561439003703014,
                        0.5269939039660242,
                        0.5690763998503471
                    ],
                    "mean": 0.5569335373477441,
                    "std": 0.024720074082589603,
                    "min": 0.525847746574918,
                    "max": 0.6116721933264881,
                    "median": 0.5559652590100335
                },
                "cardinality": {
                    "scores": [
                        0.7272727272727273,
                        0.47706869633099136,
                        0.9410705414803775,
                        0.696969696969697,
                        0.4621489678259252,
                        0.9710107866840245,
                        0.7575757575757576,
                        0.4922444547851714,
                        0.9854947802830539,
                        0.7878787878787878,
                        0.4997517211196957,
                        0.9696973522530257,
                        0.8787878787878788,
                        0.48956219671924783,
                        0.9949856583234176,
                        0.8787878787878788,
                        0.49448856228517246,
                        0.9772430958871637,
                        0.696969696969697,
                        0.5177788762563849,
                        0.9629977481188554,
                        0.8484848484848485,
                        0.5361012846769688,
                        0.9515298206417179,
                        0.875,
                        0.45657476303683353,
                        0.9734683585991128,
                        0.6875,
                        0.45222971894469344,
                        0.9684994083979619
                    ],
                    "mean": 0.7469724688459022,
                    "std": 0.2039714167657101,
                    "min": 0.45222971894469344,
                    "max": 0.9949856583234176,
                    "median": 0.7727272727272727
                }
            },
            "bond": {
                "ks_test": {
                    "scores": [
                        0.4737722567287785,
                        0.28902106913225994,
                        0.32955932955932954,
                        0.4234720082177709,
                        0.2864679170345433,
                        0.38409701286413617,
                        0.3491792653730672,
                        0.39053488291293165,
                        0.3191636371847269,
                        0.40683528170319355
                    ],
                    "mean": 0.36521026607107376,
                    "std": 0.05793466088088475,
                    "min": 0.2864679170345433,
                    "max": 0.4737722567287785,
                    "median": 0.36663813911860166
                },
                "cardinality": {
                    "scores": [
                        0.47706869633099136,
                        0.4621489678259252,
                        0.4922444547851714,
                        0.4997517211196957,
                        0.48956219671924783,
                        0.49448856228517246,
                        0.5177788762563849,
                        0.5361012846769688,
                        0.45657476303683353,
                        0.45222971894469344
                    ],
                    "mean": 0.4877949241981085,
                    "std": 0.025407838420407277,
                    "min": 0.45222971894469344,
                    "max": 0.5361012846769688,
                    "median": 0.49090332575220963
                }
            },
            "gmember": {
                "ks_test": {
                    "scores": [
                        0.46153846153846156,
                        0.390625,
                        0.3611111111111111,
                        0.4583333333333333,
                        0.2962962962962963,
                        0.22448979591836732,
                        0.25609756097560976,
                        0.3,
                        0.18181818181818177,
                        0.4293478260869565
                    ],
                    "mean": 0.33596575670783174,
                    "std": 0.09408345004689687,
                    "min": 0.18181818181818177,
                    "max": 0.46153846153846156,
                    "median": 0.33055555555555555
                },
                "cardinality": {
                    "scores": [
                        0.9410705414803775,
                        0.7701149425287357,
                        0.9710107866840245,
                        0.7398119122257053,
                        0.9854947802830539,
                        0.5882967607105538,
                        0.9696973522530257,
                        0.7831765935214211,
                        0.9949856583234176,
                        0.6389759665621735,
                        0.9772430958871637,
                        0.7382445141065831,
                        0.9629977481188554,
                        0.7043265020143633,
                        0.9515298206417179,
                        0.5643720441408302,
                        0.9734683585991128,
                        0.6098265895953757,
                        0.9684994083979619,
                        0.6688945086705202
                    ],
                    "mean": 0.8251018942372486,
                    "std": 0.15404291682530044,
                    "min": 0.5643720441408302,
                    "max": 0.9949856583234176,
                    "median": 0.8621235675008994
                }
            },
            "group": {
                "ks_test": {
                    "scores": [
                        0.6384535005224661,
                        0.6533437826541275,
                        0.6475966562173459,
                        0.5807210031347962,
                        0.6512539184952978,
                        0.6410658307210031,
                        0.5629707479418462,
                        0.631108775617446,
                        0.6483020231213873,
                        0.6529082369942196
                    ],
                    "mean": 0.6307724475419936,
                    "std": 0.03045746541986467,
                    "min": 0.5629707479418462,
                    "max": 0.6533437826541275,
                    "median": 0.6443312434691745
                },
                "cardinality": {
                    "scores": [
                        0.7701149425287357,
                        0.7398119122257053,
                        0.5882967607105538,
                        0.7831765935214211,
                        0.6389759665621735,
                        0.7382445141065831,
                        0.7043265020143633,
                        0.5643720441408302,
                        0.6098265895953757,
                        0.6688945086705202
                    ],
                    "mean": 0.6806040334076263,
                    "std": 0.0740500167314426,
                    "min": 0.5643720441408302,
                    "max": 0.7831765935214211,
                    "median": 0.6866105053424418
                }
            },