{
    "dataset_name": "biodegradability",
    "metrics": {
        "single_table": {
            "atom": {
                "xgboost_detection": {
                    "scores": [
                        0.5240770465489567,
                        0.5869400151860289,
                        0.5433255269320844,
                        0.5258552108194113,
                        0.49916943521594687,
                        0.5857142857142857,
                        0.5254934210526315,
                        0.5260545905707196,
                        0.5380875202593193,
                        0.4927536231884058
                    ],
                    "mean": 0.5347470675487791,
                    "std": 0.029647648449206542,
                    "min": 0.4927536231884058,
                    "max": 0.5869400151860289,
                    "median": 0.5259549006950655
                },
                "cardinality": {
                    "scores": [
                        0.7866666666666666,
                        0.6846825396825397,
                        0.7572727272727273,
                        0.6767543859649123,
                        0.6457575757575758,
                        0.6731746031746031,
                        0.7260606060606061,
                        0.6801311249137336,
                        0.7363636363636363,
                        0.6889807085883881,
                        0.7372727272727273,
                        0.6624692162827757,
                        0.7266666666666667,
                        0.692936507936508,
                        0.7663636363636364,
                        0.689769647696477,
                        0.74875,
                        0.678411497730711,
                        0.745,
                        0.6809996188298075
                    ],
                    "mean": 0.7092242046612348,
                    "std": 0.03830163309929646,
                    "min": 0.6457575757575758,
                    "max": 0.7866666666666666,
                    "median": 0.6913530778164925
                }
            },
            "bond": {
                "xgboost_detection": {
                    "scores": [
                        0.7318501170960188,
                        0.8103813559322034,
                        0.7769058295964125,
                        0.7671394799054374,
                        0.758576874205845,
                        0.8161764705882353,
                        0.7761557177615572,
                        0.7849056603773585,
                        0.7794811320754716,
                        0.7487244897959183
                    ],
                    "mean": 0.7750297127334458,
                    "std": 0.0244014865111613,
                    "min": 0.7318501170960188,
                    "max": 0.8161764705882353,
                    "median": 0.7765307736789848
                },
                "cardinality": {
                    "scores": [
                        0.6846825396825397,
                        0.6767543859649123,
                        0.6731746031746031,
                        0.6801311249137336,
                        0.6889807085883881,
                        0.6624692162827757,
                        0.692936507936508,
                        0.689769647696477,
                        0.678411497730711,
                        0.6809996188298075
                    ],
                    "mean": 0.6808309850800456,
                    "std": 0.00852327048342696,
                    "min": 0.6624692162827757,
                    "max": 0.692936507936508,
                    "median": 0.6805653718717706
                }
            },
            "molecule": {
                "xgboost_detection": {
                    "scores": [
                        0.48484848484848486,
                        0.5454545454545454,
                        0.4090909090909091,
                        0.5454545454545454,
                        0.5454545454545454,
                        0.5151515151515151,
                        0.5909090909090909,
                        0.5757575757575758,
                        0.546875,
                        0.59375
                    ],
                    "mean": 0.5352746212121213,
                    "std": 0.05241083756545436,
                    "min": 0.4090909090909091,
                    "max": 0.59375,
                    "median": 0.5454545454545454
                },
                "cardinality": {
                    "scores": [
                        0.7866666666666666,
                        0.7572727272727273,
                        0.6457575757575758,
                        0.7260606060606061,
                        0.7363636363636363,
                        0.7372727272727273,
                        0.7266666666666667,
                        0.7663636363636364,
                        0.74875,
                        0.745
                    ],
                    "mean": 0.7376174242424243,
                    "std": 0.03534167822898797,
                    "min": 0.6457575757575758,
                    "max": 0.7866666666666666,
                    "median": 0.7411363636363637
                }
            }
        },
        "multi_table": {
            "parent_child_discriminative_detection": {
                "scores": [
                    0.5741573033707865,
                    0.6953500801710315,
                    0.588074398249453,
                    0.6185567010309279,
                    0.5740630577037478,
                    0.578593588417787,
                    0.7139521307647402,
                    0.6499409681227863,
                    0.5592444190040069,
                    0.6953883495145631
                ],
                "mean": 0.6247320996349831,
                "std": 0.05612431630337562,
                "min": 0.5592444190040069,
                "max": 0.7139521307647402,
                "median": 0.6033155496401904
            }
        }
    }
}