{
    "dataset_name": "biodegradability",
    "metrics": {
        "single_table": {
            "group": {
                "ks_test": {
                    "scores": [
                        0.6201671891327063,
                        0.6635318704284221,
                        0.6596133751306165,
                        0.5950888192267503,
                        0.5903866248693834,
                        0.6421107628004179,
                        0.6035207566999474,
                        0.6159572604659309,
                        0.652546965317919,
                        0.6571531791907514
                    ],
                    "mean": 0.6300076803262844,
                    "std": 0.02678938624369733
                },
                "mean_max_discrepency": {
                    "scores": [
                        0.0,
                        0.0,
                        0.0,
                        0.0,
                        0.0,
                        0.0,
                        0.0,
                        0.0,
                        0.0,
                        0.0
                    ],
                    "mean": 0.0,
                    "std": 0.0
                }
            },
            "bond": {
                "ks_test": {
                    "scores": [
                        0.3610897257089725,
                        0.3975390469176716,
                        0.39069739993222835,
                        0.3712232482661224,
                        0.3727033300249302,
                        0.42019022506827386,
                        0.4348548989130963,
                        0.30933444127888576,
                        0.38805489518046254,
                        0.3001528576887774
                    ],
                    "mean": 0.37458400689794213,
                    "std": 0.04083500550210405
                },
                "mean_max_discrepency": {
                    "scores": [
                        0.05053152854077792,
                        0.09836908096233342,
                        0.2577926088710371,
                        0.024800159980818564,
                        0.11726910507746777,
                        0.49923227143304383,
                        2.2944086040257353e-05,
                        0.045086366259855806,
                        0.1521842995527751,
                        0.19101094508849806
                    ],
                    "mean": 0.1436299309852648,
                    "std": 0.14059493049541918
                }
            },
            "gmember": {
                "ks_test": {
                    "scores": [
                        0.37254901960784315,
                        0.4444444444444444,
                        0.3414634146341463,
                        0.13571428571428573,
                        0.3297872340425532,
                        0.4107142857142857,
                        0.33333333333333337,
                        0.2222222222222222,
                        0.2887323943661972,
                        0.2727272727272727
                    ],
                    "mean": 0.31516879068065834,
                    "std": 0.08585559570067632
                },
                "mean_max_discrepency": {
                    "scores": [
                        0.0,
                        0.0,
                        0.0,
                        0.0,
                        0.0,
                        0.0,
                        0.0,
                        0.0,
                        0.0,
                        0.0
                    ],
                    "mean": 0.0,
                    "std": 0.0
                }
            },
            "atom": {
                "ks_test": {
                    "scores": [
                        0.5578156782976059,
                        0.5955631833206204,
                        0.568061568061568,
                        0.5713881971427925,
                        0.5296559079948061,
                        0.5989003769847286,
                        0.6042048056973429,
                        0.522769884245332,
                        0.5414278826857172,
                        0.523686636894184
                    ],
                    "mean": 0.5613474121324697,
                    "std": 0.02980565296220258
                },
                "mean_max_discrepency": {
                    "scores": [
                        0.0,
                        0.0,
                        0.0,
                        0.0,
                        0.0,
                        0.0,
                        0.0,
                        0.0,
                        0.0,
                        0.0
                    ],
                    "mean": 0.0,
                    "std": 0.0
                }
            },
            "molecule": {
                "ks_test": {
                    "scores": [
                        0.7045454545454546,
                        0.7196969696969697,
                        0.7272727272727273,
                        0.7272727272727273,
                        0.7196969696969697,
                        0.696969696969697,
                        0.7045454545454546,
                        0.6893939393939394,
                        0.6875,
                        0.703125
                    ],
                    "mean": 0.708001893939394,
                    "std": 0.01397229640103299
                },
                "mean_max_discrepency": {
                    "scores": [
                        364.6321662412036,
                        343.22509005807444,
                        180.1698826278146,
                        66.61100783527343,
                        145.07360293588138,
                        1170.4079701642497,
                        93.75261231819323,
                        389.1074107664279,
                        128.5139537059017,
                        431.11033297759684
                    ],
                    "mean": 331.26040296306167,
                    "std": 307.21181588301425
                }
            }
        },
        "multi_table": {}
    }
}