{
    "dataset_name": "biodegradability",
    "metrics": {
        "single_table": {
            "atom": {
                "xgboost_detection": {
                    "scores": [
                        0.5227272727272727,
                        0.5394736842105263,
                        0.5194805194805194,
                        0.5178571428571429,
                        0.4958263772954925,
                        0.5443285528031291,
                        0.5103174603174603,
                        0.5260162601626016,
                        0.5083207261724659,
                        0.5077186963979416
                    ],
                    "mean": 0.5192066692424552,
                    "std": 0.014066469655188589,
                    "min": 0.4958263772954925,
                    "max": 0.5443285528031291,
                    "median": 0.5186688311688312
                },
                "cardinality": {
                    "scores": [
                        0.7866666666666666,
                        0.6846825396825397,
                        0.7572727272727273,
                        0.6767543859649123,
                        0.6457575757575758,
                        0.6731746031746031,
                        0.7260606060606061,
                        0.6801311249137336,
                        0.7363636363636363,
                        0.6889807085883881,
                        0.7372727272727273,
                        0.6624692162827757,
                        0.7266666666666667,
                        0.692936507936508,
                        0.7663636363636364,
                        0.689769647696477,
                        0.74875,
                        0.678411497730711,
                        0.745,
                        0.6809996188298075
                    ],
                    "mean": 0.7092242046612348,
                    "std": 0.03830163309929646,
                    "min": 0.6457575757575758,
                    "max": 0.7866666666666666,
                    "median": 0.6913530778164925
                }
            },
            "bond": {
                "xgboost_detection": {
                    "scores": [
                        0.5016,
                        0.5333333333333333,
                        0.5346320346320347,
                        0.5254237288135594,
                        0.5083752093802345,
                        0.5765765765765766,
                        0.5133228840125392,
                        0.4879807692307692,
                        0.5302571860816944,
                        0.5383304940374787
                    ],
                    "mean": 0.524983221609822,
                    "std": 0.02314865599204915,
                    "min": 0.4879807692307692,
                    "max": 0.5765765765765766,
                    "median": 0.5278404574476269
                },
                "cardinality": {
                    "scores": [
                        0.6846825396825397,
                        0.6767543859649123,
                        0.6731746031746031,
                        0.6801311249137336,
                        0.6889807085883881,
                        0.6624692162827757,
                        0.692936507936508,
                        0.689769647696477,
                        0.678411497730711,
                        0.6809996188298075
                    ],
                    "mean": 0.6808309850800456,
                    "std": 0.00852327048342696,
                    "min": 0.6624692162827757,
                    "max": 0.692936507936508,
                    "median": 0.6805653718717706
                }
            },
            "molecule": {
                "xgboost_detection": {
                    "scores": [
                        0.6818181818181818,
                        0.5454545454545454,
                        0.5303030303030303,
                        0.6212121212121212,
                        0.6212121212121212,
                        0.5606060606060606,
                        0.5757575757575758,
                        0.5909090909090909,
                        0.453125,
                        0.46875
                    ],
                    "mean": 0.5649147727272726,
                    "std": 0.06643667350538558,
                    "min": 0.453125,
                    "max": 0.6818181818181818,
                    "median": 0.5681818181818181
                },
                "cardinality": {
                    "scores": [
                        0.7866666666666666,
                        0.7572727272727273,
                        0.6457575757575758,
                        0.7260606060606061,
                        0.7363636363636363,
                        0.7372727272727273,
                        0.7266666666666667,
                        0.7663636363636364,
                        0.74875,
                        0.745
                    ],
                    "mean": 0.7376174242424243,
                    "std": 0.03534167822898797,
                    "min": 0.6457575757575758,
                    "max": 0.7866666666666666,
                    "median": 0.7411363636363637
                }
            }
        },
        "multi_table": {}
    }
}