{
    "dataset_name": "biodegradability",
    "metrics": {
        "single_table": {
            "atom": {
                "xgboost_detection": {
                    "scores": [
                        0.4388335704125178,
                        0.36318407960199006,
                        0.5340160936356986,
                        0.48575712143928035,
                        0.5124698310539019,
                        0.38287560581583197,
                        0.496301775147929,
                        0.4588679245283019,
                        0.48656294200848654,
                        0.4786184210526316
                    ],
                    "mean": 0.463748736469657,
                    "std": 0.05186059454753316,
                    "min": 0.36318407960199006,
                    "max": 0.5340160936356986,
                    "median": 0.48218777124595597
                },
                "cardinality": {
                    "scores": [
                        0.7575757575757576,
                        0.7219258589511754,
                        0.5454545454545454,
                        0.6846766580127448,
                        0.7575757575757576,
                        0.731595308746644,
                        0.8484848484848485,
                        0.6918219461697723,
                        0.8484848484848485,
                        0.72900486317776,
                        0.696969696969697,
                        0.6820905892480976,
                        0.7575757575757576,
                        0.7130457723255508,
                        0.7878787878787878,
                        0.7254895225008589,
                        0.8125,
                        0.6964858669206181,
                        0.84375,
                        0.7326136262021088
                    ],
                    "mean": 0.7382500006127666,
                    "std": 0.06875836464691669,
                    "min": 0.5454545454545454,
                    "max": 0.8484848484848485,
                    "median": 0.730300085962202
                }
            },
            "bond": {
                "xgboost_detection": {
                    "scores": [
                        0.5454545454545454,
                        0.3651452282157676,
                        0.5006954102920723,
                        0.5,
                        0.5101721439749609,
                        0.3743961352657005,
                        0.5375805297065139,
                        0.5433238636363636,
                        0.523972602739726,
                        0.5415713196033562
                    ],
                    "mean": 0.4942311778889007,
                    "std": 0.06433625160340088,
                    "min": 0.3651452282157676,
                    "max": 0.5454545454545454,
                    "median": 0.5170723733573435
                },
                "cardinality": {
                    "scores": [
                        0.7219258589511754,
                        0.6846766580127448,
                        0.731595308746644,
                        0.6918219461697723,
                        0.72900486317776,
                        0.6820905892480976,
                        0.7130457723255508,
                        0.7254895225008589,
                        0.6964858669206181,
                        0.7326136262021088
                    ],
                    "mean": 0.710875001225533,
                    "std": 0.01912059215291445,
                    "min": 0.6820905892480976,
                    "max": 0.7326136262021088,
                    "median": 0.7174858156383631
                }
            },
            "molecule": {
                "xgboost_detection": {
                    "scores": [
                        0.8181818181818182,
                        0.8484848484848485,
                        0.803030303030303,
                        0.8181818181818182,
                        0.8181818181818182,
                        0.7878787878787878,
                        0.7878787878787878,
                        0.9090909090909091,
                        0.890625,
                        0.890625
                    ],
                    "mean": 0.837215909090909,
                    "std": 0.04256984281680166,
                    "min": 0.7878787878787878,
                    "max": 0.9090909090909091,
                    "median": 0.8181818181818182
                },
                "cardinality": {
                    "scores": [
                        0.7575757575757576,
                        0.5454545454545454,
                        0.7575757575757576,
                        0.8484848484848485,
                        0.8484848484848485,
                        0.696969696969697,
                        0.7575757575757576,
                        0.7878787878787878,
                        0.8125,
                        0.84375
                    ],
                    "mean": 0.765625,
                    "std": 0.08712661585678952,
                    "min": 0.5454545454545454,
                    "max": 0.8484848484848485,
                    "median": 0.7727272727272727
                }
            }
        },
        "multi_table": {}
    }
}