{
    "dataset_name": "biodegradability",
    "metrics": {
        "multi_table": {
            "parent_child_logistic_detection": {
                "max": 0.989821882951654,
                "mean": 0.908947687584482,
                "median": 0.8947957470621153,
                "min": 0.8354143019296254,
                "scores": [
                    0.8354143019296254,
                    0.989821882951654,
                    0.9459893048128343,
                    0.8947957470621153,
                    0.8787172011661808
                ],
                "std": 0.053729015287237177
            },
            "parent_child_logistic_detection_with_children": {
                "max": 0.6295525494276795,
                "mean": 0.5921545845497543,
                "median": 0.5839080459770115,
                "min": 0.5619785458879618,
                "scores": [
                    0.5769230769230769,
                    0.6295525494276795,
                    0.608410704533042,
                    0.5839080459770115,
                    0.5619785458879618
                ],
                "std": 0.023972762653698604
            },
            "parent_child_xgb_detection": {
                "max": 0.7893129770992366,
                "mean": 0.7475478400875566,
                "median": 0.7737609329446065,
                "min": 0.6540106951871658,
                "scores": [
                    0.7763904653802497,
                    0.7893129770992366,
                    0.6540106951871658,
                    0.7442641298265249,
                    0.7737609329446065
                ],
                "std": 0.049037394240939294
            },
            "parent_child_xgb_detection_with_children": {
                "max": 0.6295525494276795,
                "mean": 0.5921545845497543,
                "median": 0.5839080459770115,
                "min": 0.5619785458879618,
                "scores": [
                    0.5769230769230769,
                    0.6295525494276795,
                    0.608410704533042,
                    0.5839080459770115,
                    0.5619785458879618
                ],
                "std": 0.023972762653698604
            }
        },
        "single_table": {
            "atom": {
                "knn_detection": {
                    "max": 0.9907735982966643,
                    "mean": 0.896520159081652,
                    "median": 0.8713629402756509,
                    "min": 0.7782982045277127,
                    "scores": [
                        0.7782982045277127,
                        0.9907735982966643,
                        0.9859259259259259,
                        0.8713629402756509,
                        0.8562401263823065
                    ],
                    "std": 0.0813743192656476
                },
                "knn_detection_with_children": {
                    "max": 0.600312256049961,
                    "mean": 0.5372009617301607,
                    "median": 0.5298621745788668,
                    "min": 0.48828956706884313,
                    "scores": [
                        0.600312256049961,
                        0.48828956706884313,
                        0.5177777777777778,
                        0.5298621745788668,
                        0.5497630331753555
                    ],
                    "std": 0.037320995455989374
                },
                "logistic_detection": {
                    "max": 0.9950319375443577,
                    "mean": 0.904551866222177,
                    "median": 0.8713629402756509,
                    "min": 0.8149882903981265,
                    "scores": [
                        0.8149882903981265,
                        0.9950319375443577,
                        0.9859259259259259,
                        0.8713629402756509,
                        0.8554502369668247
                    ],
                    "std": 0.07258441956031708
                },
                "logistic_detection_with_children": {
                    "max": 0.7109004739336493,
                    "mean": 0.663921095362625,
                    "median": 0.672911787665886,
                    "min": 0.582962962962963,
                    "scores": [
                        0.672911787665886,
                        0.6621717530163236,
                        0.582962962962963,
                        0.6906584992343032,
                        0.7109004739336493
                    ],
                    "std": 0.04372656566686784
                },
                "mlp_detection": {
                    "max": 0.9950319375443577,
                    "mean": 0.8972138490480944,
                    "median": 0.8713629402756509,
                    "min": 0.7782982045277127,
                    "scores": [
                        0.7782982045277127,
                        0.9950319375443577,
                        0.9859259259259259,
                        0.8713629402756509,
                        0.8554502369668247
                    ],
                    "std": 0.08245193789253814
                },
                "mlp_detection_with_children": {
                    "max": 0.6066350710900474,
                    "mean": 0.5814291637885118,
                    "median": 0.5834609494640123,
                    "min": 0.5464868701206529,
                    "scores": [
                        0.5979703356752537,
                        0.5464868701206529,
                        0.5725925925925925,
                        0.5834609494640123,
                        0.6066350710900474
                    ],
                    "std": 0.021033901970784974
                },
                "random_forest_detection": {
                    "max": 0.9950319375443577,
                    "mean": 0.8972138490480944,
                    "median": 0.8713629402756509,
                    "min": 0.7782982045277127,
                    "scores": [
                        0.7782982045277127,
                        0.9950319375443577,
                        0.9859259259259259,
                        0.8713629402756509,
                        0.8554502369668247
                    ],
                    "std": 0.08245193789253814
                },
                "random_forest_detection_with_children": {
                    "max": 0.7519747235387045,
                    "mean": 0.6323366427906978,
                    "median": 0.5866666666666667,
                    "min": 0.5183450429352069,
                    "scores": [
                        0.5183450429352069,
                        0.5734563520227112,
                        0.5866666666666667,
                        0.7312404287901991,
                        0.7519747235387045
                    ],
                    "std": 0.09234928201974102
                },
                "svm_detection": {
                    "max": 0.9950319375443577,
                    "mean": 0.8972138490480944,
                    "median": 0.8713629402756509,
                    "min": 0.7782982045277127,
                    "scores": [
                        0.7782982045277127,
                        0.9950319375443577,
                        0.9859259259259259,
                        0.8713629402756509,
                        0.8554502369668247
                    ],
                    "std": 0.08245193789253814
                },
                "svm_detection_with_children": {
                    "max": 0.5963665086887836,
                    "mean": 0.5522033738349924,
                    "median": 0.5479063165365508,
                    "min": 0.5160796324655437,
                    "scores": [
                        0.5347384855581577,
                        0.5479063165365508,
                        0.5659259259259259,
                        0.5160796324655437,
                        0.5963665086887836
                    ],