{
    "telstra-competition-dataset": {
        "REalTabFormer": {
            "scores_orig": {
                "95ci": [
                    [
                        0.5654232203885483,
                        0.6461001897479774
                    ],
                    [
                        0.5792386363373188,
                        0.6322972244980019
                    ],
                    [
                        0.49415192817844894,
                        0.543641966105773
                    ],
                    [
                        0.5231412436862697,
                        0.5910140639713108
                    ],
                    [
                        0.9445924623637378,
                        1.400895162531736
                    ]
                ],
                "max": [
                    0.6482232678890151,
                    0.6336935031338093,
                    0.5449443355249131,
                    0.5928001908209172,
                    1.4129031283256308
                ],
                "mean": [
                    0.6057617050682629,
                    0.6057679304176603,
                    0.518896947142111,
                    0.5570776538287903,
                    1.172743812447737
                ],
                "median": [
                    0.6057617050682629,
                    0.6057679304176603,
                    0.518896947142111,
                    0.5570776538287903,
                    1.172743812447737
                ],
                "min": [
                    0.5633001422475107,
                    0.5778423577015113,
                    0.49284955875930886,
                    0.5213551168366634,
                    0.9325844965698431
                ],
                "scores": [
                    [
                        0.5633001422475107,
                        0.5778423577015113,
                        0.49284955875930886,
                        0.5213551168366634,
                        1.4129031283256308
                    ],
                    [
                        0.6482232678890151,
                        0.6336935031338093,
                        0.5449443355249131,
                        0.5928001908209172,
                        0.9325844965698431
                    ]
                ],
                "se": [
                    0.03002485901033246,
                    0.019746361836107017,
                    0.018418284957679065,
                    0.02525964814832023,
                    0.16981828082238082
                ],
                "std": [
                    0.0424615628207522,
                    0.02792557271614904,
                    0.0260473883828021,
                    0.03572253699212691,
                    0.24015931587789385
                ]
            },
            "scores_synthetic": {
                "95ci": [
                    [
                        0.5149204413342692,
                        0.5791945093337956
                    ],
                    [
                        0.5060197459850336,
                        0.5477858758957916
                    ],
                    [
                        0.35425924118493857,
                        0.35667589655926263
                    ],
                    [
                        0.4118741730141827,
                        0.5408313321726085
                    ],
                    [
                        1.7021676656203208,
                        2.3046752826578927
                    ]
                ],
                "max": [
                    0.5808859321758884,
                    0.5488849845776537,
                    0.3567394927533238,
                    0.544224941624146,
                    2.3205307462641445
                ],
                "mean": [
                    0.5470574753340324,
                    0.5269028109404126,
                    0.3554675688721006,
                    0.4763527525933956,
                    2.003421474139107
                ],
                "median": [
                    0.5470574753340324,
                    0.5269028109404126,
                    0.3554675688721006,
                    0.4763527525933956,
                    2.003421474139107
                ],
                "min": [
                    0.5132290184921764,
                    0.5049206373031716,
                    0.3541956449908774,
                    0.4084805635626452,
                    1.686312202014069
                ],
                "scores": [
                    [
                        0.5132290184921764,
                        0.5488849845776537,
                        0.3567394927533238,
                        0.544224941624146,
                        2.3205307462641445
                    ],
                    [
                        0.5808859321758884,
                        0.5049206373031716,
                        0.3541956449908774,
                        0.4084805635626452,
                        1.686312202014069
                    ]
                ],
                "se": [
                    0.02392033122995282,
                    0.015543744044113286,
                    0.0008993860015660275,
                    0.04799288511761881,
                    0.22423011669674436
                ],
                "std": [
                    0.03382845684185598,
                    0.02198217363724103,
                    0.001271923881223186,
                    0.0678721890307504,
                    0.3171092721250377
                ]
            }
        }
    }
}