{
    "telstra-competition-dataset": {
        "REaLTabFormer": {
            "scores_orig": {
                "95ci": [
                    [
                        0.6175147327778907,
                        0.6947763006913847
                    ],
                    [
                        0.6097087857349887,
                        0.700262523322555
                    ],
                    [
                        0.5307674447102289,
                        0.604682140266166
                    ],
                    [
                        0.5448918994527872,
                        0.6255140803309733
                    ],
                    [
                        0.625157799699944,
                        0.7829471669454428
                    ]
                ],
                "max": [
                    0.6957341099880076,
                    0.7076017973340598,
                    0.6099140462392324,
                    0.6258925416591526,
                    0.7848929611460831
                ],
                "mean": [
                    0.6600418457615516,
                    0.6555119321936658,
                    0.5621822089789779,
                    0.5887216396799124,
                    0.7014782136598258
                ],
                "median": [
                    0.6688193177274965,
                    0.6690198858498544,
                    0.5620374947477966,
                    0.5876327289208333,
                    0.7088060779223939
                ],
                "min": [
                    0.6170697012802276,
                    0.6078423276773688,
                    0.5298360355564328,
                    0.539975006273266,
                    0.6235590661766832
                ],
                "scores": [
                    [
                        0.6170697012802276,
                        0.6168220730283387,
                        0.5363576673304437,
                        0.5947077438856999,
                        0.7665294871387844
                    ],
                    [
                        0.6689923738439072,
                        0.6465587271316591,
                        0.5339756317955263,
                        0.5805577139559667,
                        0.6970028181697363
                    ],
                    [
                        0.6686462616110858,
                        0.6722157772898364,
                        0.5463541734375796,
                        0.5618278648489157,
                        0.7206093376750515
                    ],
                    [
                        0.6837789661319074,
                        0.6749183492259707,
                        0.5792617862145172,
                        0.6036598303257812,
                        0.6470871059859409
                    ],
                    [
                        0.6253302800775057,
                        0.6161376968223458,
                        0.539724097718738,
                        0.539975006273266,
                        0.7848929611460831
                    ],
                    [
                        0.6957341099880076,
                        0.7076017973340598,
                        0.5777208160580136,
                        0.6242104913116889,
                        0.6365558686819809
                    ],
                    [
                        0.6190476190476191,
                        0.6078423276773688,
                        0.5298360355564328,
                        0.5645505865917186,
                        0.7762449869210151
                    ],
                    [
                        0.6452321204516939,
                        0.6667105182648698,
                        0.5820167046359127,
                        0.5731868516207003,
                        0.7316359562006954
                    ],
                    [
                        0.691477179780795,
                        0.6749828017273717,
                        0.5866611308033817,
                        0.6186477663262355,
                        0.6235590661766832
                    ],
                    [
                        0.6851098454027664,
                        0.671329253434839,
                        0.6099140462392324,
                        0.6258925416591526,
                        0.6306645485022869
                    ]
                ],
                "se": [
                    0.00925174250952455,
                    0.00975883135623509,
                    0.008407020721820783,
                    0.008824635464020326,
                    0.019061623582034837
                ],
                "std": [
                    0.02925657865549962,
                    0.030860134387172916,
                    0.026585333817186505,
                    0.0279059475870011,
                    0.06027814642000753
                ]
            },
            "scores_synthetic": {
                "95ci": [
                    [
                        0.5301973582935855,
                        0.6260084866874983
                    ],
                    [
                        0.5045570832052522,
                        0.588694613338749
                    ],
                    [
                        0.3650341572943695,
                        0.41499593856393957
                    ],
                    [
                        0.40952017114203304,
                        0.5483076867541054
                    ],
                    [
                        0.8750927953368575,
                        1.0979262882757996
                    ]
                ],
                "max": [
                    0.6270747677782854,
                    0.594200409075781,
                    0.4191543173579351,
                    0.5583467115383153,
                    1.1296254090506337
                ],
                "mean": [
                    0.5978639916540182,
                    0.5481234013199552,
                    0.38429857527829275,
                    0.4678460723106138,
                    0.9393712173700492
                ],
                "median": [
                    0.6056929644248654,
                    0.5460613282052488,
                    0.3811159014648732,
                    0.4582705193781644,
                    0.924059399713417
                ],
                "min": [
                    0.5160739687055477,
                    0.4968584907679774,
                    0.3641692386541056,
                    0.4080071112581132,
                    0.8749750772353613
                ],