{
    "dataset_name": "mutagenesis",
    "metrics": {
        "single_table": {
            "atom": {
                "xgboost_detection": {
                    "scores": [
                        0.9882352941176471,
                        0.9928131416837782,
                        0.9829145728643216,
                        0.9927611168562565,
                        0.974721941354904,
                        0.9882352941176471,
                        0.9737903225806451,
                        0.9696969696969697,
                        0.9753086419753086,
                        0.9709497206703911
                    ],
                    "mean": 0.9809427015917869,
                    "std": 0.00859510058058798,
                    "min": 0.9696969696969697,
                    "max": 0.9928131416837782,
                    "median": 0.9791116074198152
                },
                "cardinality": {
                    "scores": [
                        0.8421052631578947,
                        0.6779880487202248,
                        0.6842105263157895,
                        0.6587558432218626,
                        0.7894736842105263,
                        0.6707617700545565,
                        0.736842105263158,
                        0.707929364365008,
                        0.7894736842105263,
                        0.694636593121988,
                        0.736842105263158,
                        0.6936526168018284,
                        0.6842105263157895,
                        0.7087141390938859,
                        0.5789473684210527,
                        0.6877538998248043,
                        0.6666666666666667,
                        0.672133369476823,
                        0.7222222222222222,
                        0.6178394271541723
                    ],
                    "mean": 0.7010579611940968,
                    "std": 0.05769739924601705,
                    "min": 0.5789473684210527,
                    "max": 0.8421052631578947,
                    "median": 0.6907032583133164
                }
            },
            "molecule": {
                "xgboost_detection": {
                    "scores": [
                        0.7631578947368421,
                        0.6052631578947368,
                        0.5789473684210527,
                        0.5789473684210527,
                        0.7105263157894737,
                        0.5263157894736842,
                        0.6842105263157895,
                        0.5789473684210527,
                        0.75,
                        0.6666666666666666
                    ],
                    "mean": 0.6442982456140351,
                    "std": 0.07748275952757096,
                    "min": 0.5263157894736842,
                    "max": 0.7631578947368421,
                    "median": 0.6359649122807017
                },
                "cardinality": {
                    "scores": [
                        0.8421052631578947,
                        0.6842105263157895,
                        0.7894736842105263,
                        0.736842105263158,
                        0.7894736842105263,
                        0.736842105263158,
                        0.6842105263157895,
                        0.5789473684210527,
                        0.6666666666666667,
                        0.7222222222222222
                    ],
                    "mean": 0.7230994152046784,
                    "std": 0.07095148384938012,
                    "min": 0.5789473684210527,
                    "max": 0.8421052631578947,
                    "median": 0.7295321637426901
                }
            },
            "bond": {
                "xgboost_detection": {
                    "scores": [
                        0.7811881188118812,
                        0.7911025145067698,
                        0.8041894353369763,
                        0.7894736842105263,
                        0.7646528403967539,
                        0.7306368330464716,
                        0.7565374211000901,
                        0.752414398595259,
                        0.7657247037374658,
                        0.8146240988671473
                    ],
                    "mean": 0.7750544048609342,
                    "std": 0.02437477321974806,
                    "min": 0.7306368330464716,
                    "max": 0.8146240988671473,
                    "median": 0.7734564112746736
                },
                "cardinality": {
                    "scores": [
                        0.6779880487202248,
                        0.6587558432218626,
                        0.6707617700545565,
                        0.707929364365008,
                        0.694636593121988,
                        0.6936526168018284,
                        0.7087141390938859,
                        0.6877538998248043,
                        0.672133369476823,
                        0.6178394271541723
                    ],
                    "mean": 0.6790165071835154,
                    "std": 0.025538506402657386,
                    "min": 0.6178394271541723,
                    "max": 0.7087141390938859,
                    "median": 0.6828709742725145
                }
            }
        },
        "multi_table": {}
    }
}