{
    "dataset_name": "mutagenesis",
    "metrics": {
        "single_table": {
            "atom": {
                "xgboost_detection": {
                    "scores": [
                        0.744973544973545,
                        0.7297019527235354,
                        0.7643504531722054,
                        0.7675840978593272,
                        0.7443991853360489,
                        0.7889125799573561,
                        0.7197452229299363,
                        0.7572192513368984,
                        0.688622754491018,
                        0.7431578947368421
                    ],
                    "mean": 0.7448666937516711,
                    "std": 0.026487565850257796,
                    "min": 0.688622754491018,
                    "max": 0.7889125799573561,
                    "median": 0.7446863651547969
                },
                "cardinality": {
                    "scores": [
                        0.8421052631578947,
                        0.6242317822651449,
                        0.6842105263157895,
                        0.6513969559503117,
                        0.7894736842105263,
                        0.6734215224801169,
                        0.8421052631578947,
                        0.647832598385889,
                        0.736842105263158,
                        0.6789085085584743,
                        0.7894736842105263,
                        0.6485131184731561,
                        0.8947368421052632,
                        0.6620685924483393,
                        0.5789473684210527,
                        0.6791249781795798,
                        0.5555555555555556,
                        0.6348771447742595,
                        0.6666666666666667,
                        0.6511813537675606
                    ],
                    "mean": 0.6965836757173579,
                    "std": 0.0881615242942271,
                    "min": 0.5555555555555556,
                    "max": 0.8947368421052632,
                    "median": 0.6700440945733919
                }
            },
            "bond": {
                "xgboost_detection": {
                    "scores": [
                        0.521875,
                        0.5558912386706949,
                        0.5190476190476191,
                        0.5357142857142857,
                        0.5148698884758365,
                        0.5292887029288703,
                        0.518935516888434,
                        0.5352822580645161,
                        0.5079207920792079,
                        0.5151199165797706
                    ],
                    "mean": 0.5253945218449235,
                    "std": 0.013287343016308554,
                    "min": 0.5079207920792079,
                    "max": 0.5558912386706949,
                    "median": 0.5204613095238095
                },
                "cardinality": {
                    "scores": [
                        0.6242317822651449,
                        0.6513969559503117,
                        0.6734215224801169,
                        0.647832598385889,
                        0.6789085085584743,
                        0.6485131184731561,
                        0.6620685924483393,
                        0.6791249781795798,
                        0.6348771447742595,
                        0.6511813537675606
                    ],
                    "mean": 0.6551556555282831,
                    "std": 0.017364718095139106,
                    "min": 0.6242317822651449,
                    "max": 0.6791249781795798,
                    "median": 0.6512891548589361
                }
            },
            "molecule": {
                "xgboost_detection": {
                    "scores": [
                        0.5789473684210527,
                        0.6052631578947368,
                        0.5789473684210527,
                        0.5789473684210527,
                        0.631578947368421,
                        0.7105263157894737,
                        0.6052631578947368,
                        0.7894736842105263,
                        0.5277777777777778,
                        0.5833333333333334
                    ],
                    "mean": 0.6190058479532163,
                    "std": 0.07237418017133927,
                    "min": 0.5277777777777778,
                    "max": 0.7894736842105263,
                    "median": 0.5942982456140351
                },
                "cardinality": {
                    "scores": [
                        0.8421052631578947,
                        0.6842105263157895,
                        0.7894736842105263,
                        0.8421052631578947,
                        0.736842105263158,
                        0.7894736842105263,
                        0.8947368421052632,
                        0.5789473684210527,
                        0.5555555555555556,
                        0.6666666666666667
                    ],
                    "mean": 0.7380116959064328,
                    "std": 0.10867756706729667,
                    "min": 0.5555555555555556,
                    "max": 0.8947368421052632,
                    "median": 0.7631578947368421
                }
            }
        },
        "multi_table": {}
    }
}