{
    "dataset_name": "mutagenesis",
    "metrics": {
        "single_table": {
            "atom": {
                "xgboost_detection": {
                    "scores": [
                        0.6042328042328042,
                        0.5724563206577595,
                        0.6153071500503524,
                        0.6197757390417941,
                        0.615071283095723
                    ],
                    "mean": 0.6053686594156866,
                    "std": 0.01723363371571865,
                    "min": 0.5724563206577595,
                    "max": 0.6197757390417941,
                    "median": 0.615071283095723
                },
                "cardinality": {
                    "scores": [
                        0.8421052631578947,
                        0.6242317822651449,
                        0.6842105263157895,
                        0.6513969559503117,
                        0.7894736842105263,
                        0.6734215224801169,
                        0.8421052631578947,
                        0.647832598385889,
                        0.736842105263158,
                        0.6789085085584743
                    ],
                    "mean": 0.71705282097452,
                    "std": 0.07685557621109407,
                    "min": 0.6242317822651449,
                    "max": 0.8421052631578947,
                    "median": 0.6815595174371318
                }
            },
            "bond": {
                "xgboost_detection": {
                    "scores": [
                        0.521875,
                        0.5558912386706949,
                        0.5190476190476191,
                        0.5357142857142857,
                        0.5148698884758365
                    ],
                    "mean": 0.5294796063816871,
                    "std": 0.014943532392290489,
                    "min": 0.5148698884758365,
                    "max": 0.5558912386706949,
                    "median": 0.521875
                },
                "cardinality": {
                    "scores": [
                        0.6242317822651449,
                        0.6513969559503117,
                        0.6734215224801169,
                        0.647832598385889,
                        0.6789085085584743
                    ],
                    "mean": 0.6551582735279873,
                    "std": 0.01960551358332238,
                    "min": 0.6242317822651449,
                    "max": 0.6789085085584743,
                    "median": 0.6513969559503117
                }
            },
            "molecule": {
                "xgboost_detection": {
                    "scores": [
                        0.39473684210526316,
                        0.5,
                        0.2894736842105263,
                        0.4473684210526316,
                        0.5526315789473685
                    ],
                    "mean": 0.43684210526315786,
                    "std": 0.09055079228465923,
                    "min": 0.2894736842105263,
                    "max": 0.5526315789473685,
                    "median": 0.4473684210526316
                },
                "cardinality": {
                    "scores": [
                        0.8421052631578947,
                        0.6842105263157895,
                        0.7894736842105263,
                        0.8421052631578947,
                        0.736842105263158
                    ],
                    "mean": 0.7789473684210526,
                    "std": 0.06137844099837155,
                    "min": 0.6842105263157895,
                    "max": 0.8421052631578947,
                    "median": 0.7894736842105263
                }
            }
        },
        "multi_table": {
            "parent_child_discriminative_detection": {
                "scores": [
                    0.4222222222222222,
                    0.6012332990750257,
                    0.3947633434038268,
                    0.31396534148827726,
                    0.48981670061099797
                ],
                "mean": 0.44440018136007,
                "std": 0.09656936578362484,
                "min": 0.31396534148827726,
                "max": 0.6012332990750257,
                "median": 0.4222222222222222
            }
        }
    }
}