{
    "dataset_name": "rossmann-store-sales",
    "metrics": {
        "multi_table": {
            "parent_child_discriminative_detection": {
                "max": 0.5578897674967545,
                "mean": 0.4964751758471258,
                "median": 0.5065884044082415,
                "min": 0.39017235056839017,
                "scores": [
                    0.39017235056839017,
                    0.5065884044082415,
                    0.5578897674967545,
                    0.5316783994071879,
                    0.4960469573550551
                ],
                "std": 0.05729532344224624
            },
            "parent_child_discriminative_detection_with_children": {
                "max": 0.5131594476572643,
                "mean": 0.4989744883992935,
                "median": 0.5033540967896503,
                "min": 0.4832654069408423,
                "scores": [
                    0.4912602371348246,
                    0.503833253473886,
                    0.5131594476572643,
                    0.4832654069408423,
                    0.5033540967896503
                ],
                "std": 0.010490820270053908
            },
            "parent_child_logistic_detection": {
                "max": 0.5159935778683463,
                "mean": 0.5013093632451148,
                "median": 0.4967656923814087,
                "min": 0.48754868405523427,
                "scores": [
                    0.5094731695391761,
                    0.4967656923814087,
                    0.48754868405523427,
                    0.5159935778683463,
                    0.4967656923814087
                ],
                "std": 0.010128376710117721
            },
            "parent_child_logistic_detection_with_children": {
                "max": 0.5159935778683463,
                "mean": 0.5013093632451148,
                "median": 0.4967656923814087,
                "min": 0.48754868405523427,
                "scores": [
                    0.5094731695391761,
                    0.4967656923814087,
                    0.48754868405523427,
                    0.5159935778683463,
                    0.4967656923814087
                ],
                "std": 0.010128376710117721
            },
            "parent_child_xgb_detection": {
                "max": 0.5986073409654196,
                "mean": 0.5182786221862512,
                "median": 0.5120987062769525,
                "min": 0.4721916636108055,
                "scores": [
                    0.4721916636108055,
                    0.5120987062769525,
                    0.5986073409654196,
                    0.4857354575768803,
                    0.5227599425011978
                ],
                "std": 0.0440319019953518
            },
            "parent_child_xgb_detection_with_children": {
                "max": 0.5575357016405051,
                "mean": 0.4966371895953417,
                "median": 0.49101581217057977,
                "min": 0.4481114778144481,
                "scores": [
                    0.4481114778144481,
                    0.49101581217057977,
                    0.5575357016405051,
                    0.4800543411139928,
                    0.5064686152371826
                ],
                "std": 0.03596281732905618
            }
        },
        "single_table": {
            "store": {
                "cardinality": {
                    "max": 0.9821428571428571,
                    "mean": 0.9660714285714285,
                    "median": 0.9642857142857143,
                    "min": 0.9464285714285714,
                    "scores": [
                        0.9642857142857143,
                        0.9821428571428571,
                        0.9553571428571429,
                        0.9464285714285714,
                        0.9821428571428571
                    ],
                    "std": 0.014285714285714266
                },
                "knn_detection": {
                    "max": 0.5535714285714286,
                    "mean": 0.49553571428571425,
                    "median": 0.5,
                    "min": 0.4375,
                    "scores": [
                        0.5,
                        0.48660714285714285,
                        0.5,
                        0.5535714285714286,
                        0.4375
                    ],
                    "std": 0.0370293595595138
                },
                "knn_detection_with_children": {
                    "max": 0.5133928571428571,
                    "mean": 0.48839285714285713,
                    "median": 0.5,
                    "min": 0.45535714285714285,
                    "scores": [
                        0.5044642857142857,
                        0.5,
                        0.46875,
                        0.5133928571428571,
                        0.45535714285714285
                    ],
                    "std": 0.02233927857713714
                },
                "mlp_detection": {
                    "max": 0.5044642857142857,
                    "mean": 0.4875,
                    "median": 0.49107142857142855,
                    "min": 0.45535714285714285,
                    "scores": [
                        0.49107142857142855,
                        0.45535714285714285,
                        0.5,
                        0.48660714285714285,
                        0.5044642857142857
                    ],
                    "std": 0.017267035362333674
                },
                "mlp_detection_with_children": {
                    "max": 0.5535714285714286,
                    "mean": 0.5178571428571429,
                    "median": 0.5089285714285714,
                    "min": 0.49107142857142855,
                    "scores": [
                        0.4955357142857143,
                        0.5089285714285714,
                        0.5401785714285714,
                        0.49107142857142855,
                        0.5535714285714286
                    ],
                    "std": 0.02477578022412788
                },
                "random_forest_detection": {
                    "max": 0.48214285714285715,
                    "mean": 0.4607142857142857,
                    "median": 0.46875,
                    "min": 0.42410714285714285,
                    "scores": [
                        0.42410714285714285,
                        0.47767857142857145,
                        0.48214285714285715,
                        0.46875,
                        0.45089285714285715
                    ],
                    "std": 0.021204182298282002
                },
                "random_forest_detection_with_children": {
                    "max": 0.5267857142857143,
                    "mean": 0.5160714285714285,
                    "median": 0.5178571428571429,
                    "min": 0.5044642857142857,
                    "scores": [
                        0.5133928571428571,
                        0.5267857142857143,
                        0.5178571428571429,
                        0.5178571428571429,
                        0.5044642857142857
                    ],
                    "std": 0.0072536057184249825
                },
                "xgboost_detection": {
                    "max": 0.5803571428571429,
                    "mean": 0.48392857142857143,
                    "median": 0.4732142857142857,
                    "min": 0.4330357142857143,
                    "scores": [
                        0.4375,
                        0.4955357142857143,
                        0.5803571428571429,
                        0.4732142857142857,
                        0.4330357142857143
                    ],
                    "std": 0.053467160434213824
                },
                "xgboost_detection_with_children": {
                    "max": 0.5892857142857143,
                    "mean": 0.5,