{
    "dataset_name": "rossmann-store-sales",
    "metrics": {
        "single_table": {
            "store": {
                "xgboost_detection": {
                    "scores": [
                        0.4107142857142857,
                        0.45089285714285715,
                        0.4955357142857143,
                        0.39732142857142855
                    ],
                    "mean": 0.43861607142857145,
                    "std": 0.03832206409238706,
                    "min": 0.39732142857142855,
                    "max": 0.4955357142857143,
                    "median": 0.4308035714285714
                },
                "cardinality": {
                    "scores": [
                        0.9642857142857143,
                        0.9821428571428571,
                        0.9553571428571429,
                        0.9464285714285714
                    ],
                    "mean": 0.9620535714285714,
                    "std": 0.013205535230133058,
                    "min": 0.9464285714285714,
                    "max": 0.9821428571428571,
                    "median": 0.9598214285714286
                }
            },
            "test": {
                "xgboost_detection": {
                    "scores": [
                        0.7503765060240963,
                        0.5116307098951428,
                        0.5299703264094956,
                        0.7512860082304527
                    ],
                    "mean": 0.6358158876397968,
                    "std": 0.1151984431724692,
                    "min": 0.5116307098951428,
                    "max": 0.7512860082304527,
                    "median": 0.640173416216796
                },
                "cardinality": {
                    "scores": [
                        0.9642857142857143,
                        0.9821428571428571,
                        0.9553571428571429,
                        0.9464285714285714
                    ],
                    "mean": 0.9620535714285714,
                    "std": 0.013205535230133058,
                    "min": 0.9464285714285714,
                    "max": 0.9821428571428571,
                    "median": 0.9598214285714286
                }
            }
        },
        "multi_table": {}
    }
}