{
    "dataset_name": "rossmann-store-sales",
    "metrics": {
        "single_table": {
            "store": {
                "mlp_detection": {
                    "scores": [
                        0.625,
                        0.5044642857142857,
                        0.5625,
                        0.75,
                        0.5,
                        0.5900900900900901,
                        0.5,
                        0.5945945945945946,
                        0.6036036036036037,
                        0.6981981981981982
                    ],
                    "mean": 0.5928450772200772,
                    "std": 0.07932823602888121,
                    "min": 0.5,
                    "max": 0.75,
                    "median": 0.5923423423423424
                },
                "cardinality": {
                    "scores": [
                        0.5625,
                        0.3839285714285714,
                        0.5089285714285714,
                        0.5714285714285714,
                        0.5535714285714286,
                        0.4144144144144144,
                        0.5225225225225225,
                        0.5855855855855856,
                        0.5495495495495495,
                        0.4774774774774775
                    ],
                    "mean": 0.5129906692406693,
                    "std": 0.06470114422701223,
                    "min": 0.3839285714285714,
                    "max": 0.5855855855855856,
                    "median": 0.536036036036036
                },
                "logistic_detection": {
                    "scores": [
                        0.6116071428571429,
                        0.6026785714285714,
                        0.5580357142857143,
                        0.6294642857142857,
                        0.625,
                        0.5720720720720721,
                        0.6261261261261262,
                        0.5765765765765766,
                        0.6036036036036037,
                        0.5900900900900901
                    ],
                    "mean": 0.5995254182754183,
                    "std": 0.023486562760794694,
                    "min": 0.5580357142857143,
                    "max": 0.6294642857142857,
                    "median": 0.6031410875160875
                },
                "xgboost_detection": {
                    "scores": [
                        0.75,
                        0.8303571428571429,
                        0.7946428571428571,
                        0.8303571428571429,
                        0.8303571428571429,
                        0.8558558558558559,
                        0.7297297297297297,
                        0.8108108108108109,
                        0.8378378378378378,
                        0.8018018018018018
                    ],
                    "mean": 0.8071750321750322,
                    "std": 0.037931736170943885,
                    "min": 0.7297297297297297,
                    "max": 0.8558558558558559,
                    "median": 0.8205839768339769
                }
            },
            "test": {
                "mlp_detection": {
                    "scores": [
                        0.9764982373678026,
                        0.9726504226752859,
                        0.9591297786720322,
                        0.9734322319622387,
                        0.970207910750507,
                        0.9702639078181142,
                        0.977743271221532,
                        0.9822622458725611,
                        0.9842836732043122,
                        0.9765246853823815
                    ],
                    "mean": 0.9742996364926768,
                    "std": 0.006718285899905222,
                    "min": 0.9591297786720322,
                    "max": 0.9842836732043122,
                    "median": 0.9749652346650206
                },
                "cardinality": {
                    "scores": [
                        0.5625,
                        0.3839285714285714,
                        0.5089285714285714,
                        0.5714285714285714,
                        0.5535714285714286,
                        0.4144144144144144,
                        0.5225225225225225,
                        0.5855855855855856,
                        0.5495495495495495,
                        0.4774774774774775
                    ],
                    "mean": 0.5129906692406693,
                    "std": 0.06470114422701223,
                    "min": 0.3839285714285714,
                    "max": 0.5855855855855856,
                    "median": 0.536036036036036
                },
                "logistic_detection": {
                    "scores": [
                        0.9330199764982373,
                        0.9265290900049726,
                        0.9313380281690141,
                        0.9402562373567094,
                        0.9369929006085193,
                        0.9047206046338744,
                        0.9500517598343685,
                        0.9652067130577159,
                        0.9644109624626575,
                        0.9434898354307841
                    ],
                    "mean": 0.9396016108056854,
                    "std": 0.01703485574062872,
                    "min": 0.9047206046338744,
                    "max": 0.9652067130577159,
                    "median": 0.9386245689826143
                },
                "xgboost_detection": {
                    "scores": [
                        1.0,
                        1.0,
                        1.0,
                        1.0,
                        1.0,
                        1.0,
                        1.0,
                        1.0,
                        1.0,
                        1.0
                    ],
                    "mean": 1.0,
                    "std": 0.0,
                    "min": 1.0,
                    "max": 1.0,
                    "median": 1.0
                }
            }
        },
        "multi_table": {}
    }
}