{
    "dataset_name": "rossmann-store-sales",
    "metrics": {
        "single_table": {
            "store": {
                "xgboost_detection": {
                    "scores": [
                        0.7276785714285714,
                        0.7142857142857143,
                        0.7723214285714286,
                        0.7410714285714286,
                        0.6919642857142857,
                        0.7297297297297297,
                        0.7702702702702703,
                        0.7387387387387387,
                        0.7882882882882883,
                        0.7432432432432432
                    ],
                    "mean": 0.7417591698841698,
                    "std": 0.027387923912227986,
                    "min": 0.6919642857142857,
                    "max": 0.7882882882882883,
                    "median": 0.7399050836550837
                },
                "cardinality": {
                    "scores": [
                        0.8571428571428572,
                        0.8035714285714286,
                        0.8303571428571428,
                        0.8303571428571428,
                        0.875,
                        0.9099099099099099,
                        0.8378378378378378,
                        0.8108108108108107,
                        0.7927927927927928,
                        0.7657657657657657
                    ],
                    "mean": 0.8313545688545689,
                    "std": 0.03970865663453623,
                    "min": 0.7657657657657657,
                    "max": 0.9099099099099099,
                    "median": 0.8303571428571428
                }
            },
            "test": {
                "xgboost_detection": {
                    "scores": [
                        0.5092988333140811,
                        0.5093167701863354,
                        0.5564307692307693,
                        0.5198798798798798,
                        0.5183649971214738,
                        0.5615690733371234,
                        0.5107685065317171,
                        0.542953607602851,
                        0.5090487238979118,
                        0.5607416879795396
                    ],
                    "mean": 0.5298372849081681,
                    "std": 0.021704159171648054,
                    "min": 0.5090487238979118,
                    "max": 0.5615690733371234,
                    "median": 0.5191224385006767
                },
                "cardinality": {
                    "scores": [
                        0.8571428571428572,
                        0.8035714285714286,
                        0.8303571428571428,
                        0.8303571428571428,
                        0.875,
                        0.9099099099099099,
                        0.8378378378378378,
                        0.8108108108108107,
                        0.7927927927927928,
                        0.7657657657657657
                    ],
                    "mean": 0.8313545688545689,
                    "std": 0.03970865663453623,
                    "min": 0.7657657657657657,
                    "max": 0.9099099099099099,
                    "median": 0.8303571428571428
                }
            }
        },
        "multi_table": {}
    }
}