{
    "dataset_name": "rossmann-store-sales",
    "metrics": {
        "multi_table": {
            "parent_child_logistic_detection": {
                "max": 0.5363134657836645,
                "mean": 0.5066263003251886,
                "median": 0.5118537200504414,
                "min": 0.451289728235836,
                "scores": [
                    0.4721820334078653,
                    0.5363134657836645,
                    0.4889359698681733,
                    0.451289728235836,
                    0.5173645320197044,
                    0.5361666863975376,
                    0.511579206701158,
                    0.5339513604623164,
                    0.5118537200504414
                ],
                "std": 0.02834172318525879
            },
            "parent_child_logistic_detection_with_children": {
                "max": 0.5363134657836645,
                "mean": 0.5066263003251886,
                "median": 0.5118537200504414,
                "min": 0.451289728235836,
                "scores": [
                    0.4721820334078653,
                    0.5363134657836645,
                    0.4889359698681733,
                    0.451289728235836,
                    0.5173645320197044,
                    0.5361666863975376,
                    0.511579206701158,
                    0.5339513604623164,
                    0.5118537200504414
                ],
                "std": 0.02834172318525879
            },
            "parent_child_xgb_detection": {
                "max": 0.7027093596059113,
                "mean": 0.5752077865821127,
                "median": 0.5705838876570584,
                "min": 0.47905128822537923,
                "scores": [
                    0.6329080626068657,
                    0.4974613686534216,
                    0.6089924670433146,
                    0.5067941040994933,
                    0.7027093596059113,
                    0.6315851781697644,
                    0.5705838876570584,
                    0.47905128822537923,
                    0.5467843631778058
                ],
                "std": 0.07047936574319083
            },
            "parent_child_xgb_detection_with_children": {
                "max": 0.7027093596059113,
                "mean": 0.5751804125709988,
                "median": 0.5703375215570338,
                "min": 0.47905128822537923,
                "scores": [
                    0.6329080626068657,
                    0.4974613686534216,
                    0.6089924670433146,
                    0.5067941040994933,
                    0.7027093596059113,
                    0.6315851781697644,
                    0.5703375215570338,
                    0.47905128822537923,
                    0.5467843631778058
                ],
                "std": 0.0704812041580978
            }
        },
        "single_table": {
            "store": {
                "cardinality": {
                    "max": 0.9642857142857143,
                    "mean": 0.9104226994851995,
                    "median": 0.9057673745173744,
                    "min": 0.8392857142857143,
                    "scores": [
                        0.9196428571428571,
                        0.875,
                        0.9642857142857143,
                        0.8392857142857143,
                        0.9464285714285714,
                        0.8828828828828829,
                        0.963963963963964,
                        0.8918918918918919
                    ],
                    "std": 0.042670827443436095
                },
                "knn_detection": {
                    "max": 0.5765765765765766,
                    "mean": 0.5303964678964679,
                    "median": 0.53125,
                    "min": 0.5,
                    "scores": [
                        0.5178571428571429,
                        0.5,
                        0.53125,
                        0.5491071428571429,
                        0.5357142857142857,
                        0.5765765765765766,
                        0.536036036036036,
                        0.5,
                        0.527027027027027
                    ],
                    "std": 0.02250921429292477
                },
                "knn_detection_with_children": {
                    "max": 0.5765765765765766,
                    "mean": 0.5279341841841841,
                    "median": 0.5225225225225225,
                    "min": 0.5,
                    "scores": [
                        0.5,
                        0.5133928571428571,
                        0.5044642857142857,
                        0.5580357142857143,
                        0.5178571428571429,
                        0.5765765765765766,
                        0.536036036036036,
                        0.5225225225225225,
                        0.5225225225225225
                    ],
                    "std": 0.023665606440270014
                },
                "logistic_detection": {
                    "max": 0.536036036036036,
                    "mean": 0.5109976047476047,
                    "median": 0.5178571428571429,
                    "min": 0.45982142857142855,
                    "scores": [
                        0.5223214285714286,
                        0.45982142857142855,
                        0.5044642857142857,
                        0.5089285714285714,
                        0.5178571428571429,
                        0.536036036036036,
                        0.5,
                        0.5315315315315315,
                        0.5180180180180181
                    ],
                    "std": 0.021239499671800503
                },
                "logistic_detection_with_children": {
                    "max": 0.5675675675675675,
                    "mean": 0.5184827684827684,
                    "median": 0.5223214285714286,
                    "min": 0.45535714285714285,
                    "scores": [
                        0.5178571428571429,
                        0.45535714285714285,
                        0.5491071428571429,
                        0.49107142857142855,
                        0.5223214285714286,
                        0.5675675675675675,
                        0.5225225225225225,
                        0.5180180180180181,
                        0.5225225225225225
                    ],
                    "std": 0.03005805107616521
                },
                "mlp_detection": {
                    "max": 0.5540540540540541,
                    "mean": 0.4955580580580581,
                    "median": 0.49099099099099097,
                    "min": 0.4594594594594595,
                    "scores": [
                        0.48660714285714285,
                        0.5267857142857143,
                        0.45982142857142855,
                        0.4732142857142857,
                        0.49107142857142855,
                        0.5540540540540541,
                        0.49099099099099097,
                        0.4594594594594595,
                        0.5180180180180181
                    ],
                    "std": 0.03000363748598998
                },
                "mlp_detection_with_children": {
                    "max": 0.6205357142857143,
                    "mean": 0.521843271843272,
                    "median": 0.509009009009009,
                    "min": 0.4864864864864865,
                    "scores": [
                        0.5,
                        0.49107142857142855,
                        0.6205357142857143,
                        0.5401785714285714,
                        0.5267857142857143,
                        0.4864864864864865,
                        0.5135135135135135,
                        0.509009009009009,
                        0.509009009009009
                    ],
                    "std": 0.03825901165621879
                },