{
    "dataset_name": "rossmann-store-sales",
    "metrics": {
        "single_table": {
            "store": {
                "xgboost_detection": {
                    "scores": [
                        0.5178571428571429,
                        0.5267857142857143,
                        0.5267857142857143,
                        0.48214285714285715,
                        0.45089285714285715,
                        0.5,
                        0.5225225225225225,
                        0.4369369369369369,
                        0.4594594594594595,
                        0.4774774774774775
                    ],
                    "mean": 0.49008606821106826,
                    "std": 0.03183766404408263,
                    "min": 0.4369369369369369,
                    "max": 0.5267857142857143,
                    "median": 0.4910714285714286
                },
                "cardinality": {
                    "scores": [
                        0.2678571428571429,
                        0.3660714285714286,
                        0.2857142857142857,
                        0.4196428571428571,
                        0.3125,
                        0.2792792792792793,
                        0.3873873873873874,
                        0.4414414414414415,
                        0.3423423423423423,
                        0.3063063063063063
                    ],
                    "mean": 0.34085424710424717,
                    "std": 0.057694779074941485,
                    "min": 0.2678571428571429,
                    "max": 0.4414414414414415,
                    "median": 0.32742117117117114
                }
            },
            "test": {
                "xgboost_detection": {
                    "scores": [
                        0.49709889001009083,
                        0.5154388805366023,
                        0.5046132816949539,
                        0.5309247517645651,
                        0.5092195291661835,
                        0.48521836506159016,
                        0.5188995215311005,
                        0.5262267343485617,
                        0.5101363366923533,
                        0.501849710982659
                    ],
                    "mean": 0.5099626001788661,
                    "std": 0.01298676556463458,
                    "min": 0.48521836506159016,
                    "max": 0.5309247517645651,
                    "median": 0.5096779329292684
                },
                "cardinality": {
                    "scores": [
                        0.2678571428571429,
                        0.3660714285714286,
                        0.2857142857142857,
                        0.4196428571428571,
                        0.3125,
                        0.2792792792792793,
                        0.3873873873873874,
                        0.4414414414414415,
                        0.3423423423423423,
                        0.3063063063063063
                    ],
                    "mean": 0.34085424710424717,
                    "std": 0.057694779074941485,
                    "min": 0.2678571428571429,
                    "max": 0.4414414414414415,
                    "median": 0.32742117117117114
                }
            }
        },
        "multi_table": {
            "parent_child_discriminative_detection": {
                "scores": [
                    0.5190398391353526,
                    0.5005765682656826,
                    0.4872173616634473,
                    0.5376638855780691,
                    0.42946345975948197,
                    0.4717782496926344,
                    0.5010132316128263,
                    0.5027092113184829,
                    0.47931930985582605,
                    0.5929897382681887
                ],
                "mean": 0.5021770855149992,
                "std": 0.040929738019389275,
                "min": 0.42946345975948197,
                "max": 0.5929897382681887,
                "median": 0.5007948999392544
            }
        }
    }
}