{
    "dataset_name": "rossmann-store-sales",
    "method_name": "gretel",
    "metrics": {
        "multi_table": {
            "parent_child_xgb_detection": {
                "95ci": [
                    [
                        0.3657240220907572,
                        0.5466754299049983
                    ],
                    [
                        0.3911642365597118,
                        0.5471753764924702
                    ],
                    [
                        0.42561642526582705,
                        0.6580371418036991
                    ],
                    [
                        1.3834158284446298,
                        2.1701003804642767
                    ]
                ],
                "max": [
                    0.5489200991384398,
                    0.5495238095238095,
                    0.6644403500690926,
                    2.248011130363939
                ],
                "mean": [
                    0.47496778427855846,
                    0.47801565369635723,
                    0.5596179513196251,
                    1.586942748070031
                ],
                "median": [
                    0.49857972088427815,
                    0.4854549205694244,
                    0.5962865984289455,
                    1.4504644672104532
                ],
                "min": [
                    0.3570468157926904,
                    0.38532278830237265,
                    0.41490121399666746,
                    1.3833529716297308
                ],
                "scores": [
                    [
                        0.3570468157926904,
                        0.38532278830237265,
                        0.5220533266882631,
                        2.248011130363939
                    ],
                    [
                        0.5264734068040249,
                        0.5260394792104158,
                        0.5962865984289455,
                        1.3839815397787205
                    ],
                    [
                        0.5489200991384398,
                        0.5495238095238095,
                        0.6644403500690926,
                        1.3833529716297308
                    ],
                    [
                        0.49857972088427815,
                        0.4854549205694244,
                        0.600408267415157,
                        1.4504644672104532
                    ],
                    [
                        0.4438188787733589,
                        0.44373727087576376,
                        0.41490121399666746,
                        1.4689036313673125
                    ]
                ],
                "se": [
                    0.0306952157170855,
                    0.026261775783217065,
                    0.03813146203999563,
                    0.14862207230813446
                ],
                "std": [
                    0.06863658892742314,
                    0.058723115861131145,
                    0.08526454120288304,
                    0.3323290566378777
                ]
            },
            "parent_child_xgb_detection_with_children": {
                "95ci": [
                    [
                        0.3891052737281394,
                        0.5035522006230677
                    ],
                    [
                        0.4063089686316536,
                        0.5113298012324284
                    ],
                    [
                        0.44296596048559866,
                        0.6400354178094436
                    ],
                    [
                        1.4546429784956436,
                        2.2370506303830324
                    ]
                ],
                "max": [
                    0.5079664817656084,
                    0.515891971339335,
                    0.6467065868263473,
                    2.3151598237348816
                ],
                "mean": [
                    0.4499987415434307,
                    0.45633522875779586,
                    0.5416248842840972,
                    1.6682352184110125
                ],
                "median": [
                    0.45572434234901815,
                    0.45152959872864523,
                    0.5290306503862447,
                    1.533697990402301
                ],
                "min": [
                    0.38357169050238354,
                    0.4023881728582259,
                    0.43465841466317545,
                    1.448522424656868
                ],
                "scores": [
                    [
                        0.38357169050238354,
                        0.4023881728582259,
                        0.5290306503862447,
                        2.3151598237348816
                    ],
                    [
                        0.4638236703402012,
                        0.4702702702702703,
                        0.5177338728874078,
                        1.5340678902163891
                    ],
                    [
                        0.5079664817656084,
                        0.515891971339335,
                        0.6467065868263473,
                        1.448522424656868
                    ],
                    [
                        0.45572434234901815,
                        0.45152959872864523,
                        0.5799948966573105,
                        1.5097279630446236
                    ],
                    [
                        0.4389075227599425,
                        0.441596130592503,
                        0.43465841466317545,
                        1.533697990402301
                    ]
                ],
                "se": [
                    0.018021918112564695,
                    0.01660338628571007,
                    0.03142333071772794,
                    0.14532870939929693
                ],
                "std": [
                    0.04029823398462937,
                    0.037126300391535465,
                    0.07026470356429693,
                    0.3249648732991406
                ]
            }
        },
        "single_table": {
            "store": {
                "xgboost_detection": {
                    "95ci": [
                        [
                            0.3299107142857143,
                            0.4799107142857143
                        ],
                        [
                            0.3563636363636364,
                            0.479047619047619
                        ],
                        [
                            0.36160714285714285,
                            0.46071428571428574
                        ],
                        [
                            1.045667817318331,
                            1.4341664686986892
                        ]
                    ],
                    "max": [
                        0.48214285714285715,
                        0.48148148148148145,
                        0.4642857142857143,
                        1.4629332172285694
                    ],
                    "mean": [
                        0.4125,
                        0.41646891194061003,
                        0.41607142857142854,
                        1.172985508291997
                    ],
                    "median": [
                        0.42857142857142855,
                        0.42452830188679247,
                        0.42857142857142855,
                        1.1215891331397072
                    ],
                    "min": [
                        0.32589285714285715,
                        0.35555555555555557,
                        0.35714285714285715,
                        1.0439423392526712
                    ],