{
    "dataset_name": "rossmann-store-sales",
    "metrics": {
        "single_table": {
            "store": {
                "xgboost_detection": {
                    "scores": [
                        0.4375,
                        0.4955357142857143,
                        0.49107142857142855,
                        0.4955357142857143,
                        0.4375
                    ],
                    "mean": 0.4714285714285714,
                    "std": 0.02775048262128581,
                    "min": 0.4375,
                    "max": 0.4955357142857143,
                    "median": 0.49107142857142855
                },
                "cardinality": {
                    "scores": [
                        0.9642857142857143,
                        0.9821428571428571,
                        0.9553571428571429,
                        0.9464285714285714,
                        0.9821428571428571
                    ],
                    "mean": 0.9660714285714285,
                    "std": 0.014285714285714266,
                    "min": 0.9464285714285714,
                    "max": 0.9821428571428571,
                    "median": 0.9642857142857143
                }
            },
            "test": {
                "xgboost_detection": {
                    "scores": [
                        0.5159345391903531,
                        0.5024707725683982,
                        0.5005341246290801,
                        0.505658500186544,
                        0.5106665059660118
                    ],
                    "mean": 0.5070528885080774,
                    "std": 0.005610282305914175,
                    "min": 0.5005341246290801,
                    "max": 0.5159345391903531,
                    "median": 0.505658500186544
                },
                "cardinality": {
                    "scores": [
                        0.9642857142857143,
                        0.9821428571428571,
                        0.9553571428571429,
                        0.9464285714285714,
                        0.9821428571428571
                    ],
                    "mean": 0.9660714285714285,
                    "std": 0.014285714285714266,
                    "min": 0.9464285714285714,
                    "max": 0.9821428571428571,
                    "median": 0.9642857142857143
                }
            }
        },
        "multi_table": {
            "parent_child_discriminative_detection": {
                "scores": [
                    0.39017235056839017,
                    0.5065884044082415,
                    0.5578897674967545,
                    0.5316783994071879,
                    0.4960469573550551
                ],
                "mean": 0.4964751758471258,
                "std": 0.05729532344224624,
                "min": 0.39017235056839017,
                "max": 0.5578897674967545,
                "median": 0.5065884044082415
            }
        }
    }
}