{
    "dataset_name": "rossmann-store-sales",
    "metrics": {
        "single_table": {
            "store": {
                "xgboost_detection": {
                    "scores": [
                        0.6294642857142857,
                        0.5044642857142857,
                        0.6026785714285714,
                        0.42410714285714285,
                        0.5848214285714286,
                        0.5315315315315315,
                        0.5720720720720721,
                        0.46846846846846846
                    ],
                    "mean": 0.5397009732947233,
                    "std": 0.06600354247414351,
                    "min": 0.42410714285714285,
                    "max": 0.6294642857142857,
                    "median": 0.5518018018018018
                },
                "cardinality": {
                    "scores": [
                        0.9196428571428571,
                        0.875,
                        0.9642857142857143,
                        0.8392857142857143,
                        0.9464285714285714,
                        0.8828828828828829,
                        0.963963963963964,
                        0.8918918918918919
                    ],
                    "mean": 0.9104226994851995,
                    "std": 0.042670827443436095,
                    "min": 0.8392857142857143,
                    "max": 0.9642857142857143,
                    "median": 0.9057673745173744
                }
            },
            "test": {
                "xgboost_detection": {
                    "scores": [
                        0.47054140127388533,
                        0.5364583333333334,
                        0.48851799242424243,
                        0.549537037037037,
                        0.48226686507936506,
                        0.4627380952380952,
                        0.5119047619047619,
                        0.5345203488372093
                    ],
                    "mean": 0.5045606043909912,
                    "std": 0.030928692596621735,
                    "min": 0.4627380952380952,
                    "max": 0.549537037037037,
                    "median": 0.5002113771645021
                },
                "cardinality": {
                    "scores": [
                        0.9196428571428571,
                        0.875,
                        0.9642857142857143,
                        0.8392857142857143,
                        0.9464285714285714,
                        0.8828828828828829,
                        0.963963963963964,
                        0.8918918918918919
                    ],
                    "mean": 0.9104226994851995,
                    "std": 0.042670827443436095,
                    "min": 0.8392857142857143,
                    "max": 0.9642857142857143,
                    "median": 0.9057673745173744
                }
            }
        },
        "multi_table": {
            "parent_child_discriminative_detection": {
                "scores": [
                    0.5638563724845456,
                    0.5037527593818985,
                    0.6047551789077212,
                    0.5142791340396131,
                    0.630911330049261,
                    0.5172250503137209,
                    0.6003941857600394,
                    0.5279316156994943
                ],
                "mean": 0.5578882033295367,
                "std": 0.045763733447705846,
                "min": 0.5037527593818985,
                "max": 0.630911330049261,
                "median": 0.54589399409202
            }
        }
    }
}