{
    "dataset_name": "rossmann-store-sales",
    "metrics": {
        "multi_table": {
            "parent_child_logistic_detection": {
                "max": 0.5386826071962294,
                "mean": 0.5116171562958105,
                "median": 0.5227433635407991,
                "min": 0.46056141242220244,
                "scores": [
                    0.5386826071962294,
                    0.5270741866486547,
                    0.46821800367421923,
                    0.5318361008242742,
                    0.5182891870198372,
                    0.4867407071622847,
                    0.5355511303736675,
                    0.5184125404329435,
                    0.5308056872037915,
                    0.46056141242220244
                ],
                "std": 0.02742445143113895
            },
            "parent_child_logistic_detection_with_children": {
                "max": 0.5386826071962294,
                "mean": 0.5116171562958105,
                "median": 0.5227433635407991,
                "min": 0.46056141242220244,
                "scores": [
                    0.5386826071962294,
                    0.5270741866486547,
                    0.46821800367421923,
                    0.5318361008242742,
                    0.5182891870198372,
                    0.4867407071622847,
                    0.5355511303736675,
                    0.5184125404329435,
                    0.5308056872037915,
                    0.46056141242220244
                ],
                "std": 0.02742445143113895
            },
            "parent_child_xgb_detection": {
                "max": 0.6808328230251072,
                "mean": 0.6206575973946191,
                "median": 0.6393068464930974,
                "min": 0.4937507166609334,
                "scores": [
                    0.6631796758248074,
                    0.662951705504897,
                    0.6808328230251072,
                    0.5909688209293991,
                    0.4937507166609334,
                    0.639959202175884,
                    0.5866229354574206,
                    0.6512814132868873,
                    0.6386544908103109,
                    0.598374190270545
                ],
                "std": 0.05243464790183197
            },
            "parent_child_xgb_detection_with_children": {
                "max": 0.5394385875777975,
                "mean": 0.48838284370418955,
                "median": 0.4772566364592009,
                "min": 0.46131739280377054,
                "scores": [
                    0.46131739280377054,
                    0.47292581335134526,
                    0.5317819963257808,
                    0.4681638991757257,
                    0.48171081298016283,
                    0.5132592928377153,
                    0.4644488696263324,
                    0.4815874595670565,
                    0.46919431279620855,
                    0.5394385875777975
                ],
                "std": 0.027424451431138964
            }
        },
        "single_table": {
            "store": {
                "cardinality": {
                    "max": 0.9099099099099099,
                    "mean": 0.8313545688545689,
                    "median": 0.8303571428571428,
                    "min": 0.7657657657657657,
                    "scores": [
                        0.8571428571428572,
                        0.8035714285714286,
                        0.8303571428571428,
                        0.8303571428571428,
                        0.875,
                        0.9099099099099099,
                        0.8378378378378378,
                        0.8108108108108107,
                        0.7927927927927928,
                        0.7657657657657657
                    ],
                    "std": 0.03970865663453623
                },
                "knn_detection": {
                    "max": 0.5892857142857143,
                    "mean": 0.5290982947232946,
                    "median": 0.5201496138996139,
                    "min": 0.4864864864864865,
                    "scores": [
                        0.5133928571428571,
                        0.5625,
                        0.5892857142857143,
                        0.5267857142857143,
                        0.5089285714285714,
                        0.536036036036036,
                        0.49099099099099097,
                        0.4864864864864865,
                        0.5135135135135135,
                        0.5630630630630631
                    ],
                    "std": 0.03179556867213351
                },
                "knn_detection_with_children": {
                    "max": 0.5223214285714286,
                    "mean": 0.4855654761904762,
                    "median": 0.4954954954954955,
                    "min": 0.42792792792792794,
                    "scores": [
                        0.5,
                        0.5178571428571429,
                        0.5223214285714286,
                        0.48214285714285715,
                        0.5,
                        0.49099099099099097,
                        0.45045045045045046,
                        0.45045045045045046,
                        0.5135135135135135,
                        0.42792792792792794
                    ],
                    "std": 0.03069352225490895
                },
                "mlp_detection": {
                    "max": 0.545045045045045,
                    "mean": 0.4954713642213643,
                    "median": 0.4888191763191763,
                    "min": 0.44144144144144143,
                    "scores": [
                        0.53125,
                        0.5178571428571429,
                        0.48214285714285715,
                        0.5223214285714286,
                        0.4732142857142857,
                        0.545045045045045,
                        0.46396396396396394,
                        0.4954954954954955,
                        0.44144144144144143,
                        0.481981981981982
                    ],
                    "std": 0.031187576270105065
                },
                "mlp_detection_with_children": {
                    "max": 0.5,
                    "mean": 0.496875,
                    "median": 0.5,
                    "min": 0.48214285714285715,
                    "scores": [
                        0.48660714285714285,
                        0.5,
                        0.48214285714285715,
                        0.5,
                        0.5,
                        0.5,
                        0.5,
                        0.5,
                        0.5,
                        0.5
                    ],
                    "std": 0.006329217356588314
                },
                "random_forest_detection": {
                    "max": 0.6216216216216216,
                    "mean": 0.5771356177606177,
                    "median": 0.5720720720720721,
                    "min": 0.5,
                    "scores": [
                        0.6071428571428571,
                        0.6026785714285714,
                        0.6205357142857143,
                        0.5491071428571429,
                        0.5,
                        0.6216216216216216,
                        0.5675675675675675,
                        0.5720720720720721,
                        0.5720720720720721,
                        0.5585585585585585
                    ],
                    "std": 0.03555120595849817
                },
                "random_forest_detection_with_children": {
                    "max": 0.5,
                    "mean": 0.5,
                    "median": 0.5,
                    "min": 0.5,