{
    "dataset_name": "rossmann-store-sales",
    "metrics": {
        "single_table": {
            "store": {
                "xgboost_detection": {
                    "scores": [
                        0.48660714285714285,
                        0.5,
                        0.4955357142857143,
                        0.5535714285714286,
                        0.45535714285714285
                    ],
                    "mean": 0.49821428571428567,
                    "std": 0.031768655133316434,
                    "min": 0.45535714285714285,
                    "max": 0.5535714285714286,
                    "median": 0.4955357142857143
                },
                "cardinality": {
                    "scores": [
                        0.2678571428571429,
                        0.3660714285714286,
                        0.2857142857142857,
                        0.4196428571428571,
                        0.3125
                    ],
                    "mean": 0.3303571428571429,
                    "std": 0.055615755365705115,
                    "min": 0.2678571428571429,
                    "max": 0.4196428571428571,
                    "median": 0.3125
                },
                "xgboost_detection_with_children": {
                    "scores": [
                        0.5,
                        0.5,
                        0.5,
                        0.5,
                        0.5
                    ],
                    "mean": 0.5,
                    "std": 0.0,
                    "min": 0.5,
                    "max": 0.5,
                    "median": 0.5
                },
                "random_forest_detection": {
                    "scores": [
                        0.5178571428571429,
                        0.45535714285714285,
                        0.4642857142857143,
                        0.5089285714285714,
                        0.4107142857142857
                    ],
                    "mean": 0.4714285714285714,
                    "std": 0.038877751887637944,
                    "min": 0.4107142857142857,
                    "max": 0.5178571428571429,
                    "median": 0.4642857142857143
                },
                "random_forest_detection_with_children": {
                    "scores": [
                        0.5,
                        0.5,
                        0.5,
                        0.5,
                        0.5
                    ],
                    "mean": 0.5,
                    "std": 0.0,
                    "min": 0.5,
                    "max": 0.5,
                    "median": 0.5
                },
                "knn_detection": {
                    "scores": [
                        0.5491071428571429,
                        0.5535714285714286,
                        0.4732142857142857,
                        0.4642857142857143,
                        0.4732142857142857
                    ],
                    "mean": 0.5026785714285714,
                    "std": 0.03988983554230123,
                    "min": 0.4642857142857143,
                    "max": 0.5535714285714286,
                    "median": 0.4732142857142857
                },
                "knn_detection_with_children": {
                    "scores": [
                        0.5089285714285714,
                        0.5357142857142857,
                        0.5089285714285714,
                        0.47767857142857145,
                        0.48660714285714285
                    ],
                    "mean": 0.5035714285714286,
                    "std": 0.02024247151563326,
                    "min": 0.47767857142857145,
                    "max": 0.5357142857142857,
                    "median": 0.5089285714285714
                }
            },
            "test": {
                "xgboost_detection": {
                    "scores": [
                        0.48814328960645814,
                        0.5138198219035504,
                        0.5236359494247637,
                        0.5442038521354229,
                        0.5128145656963934
                    ],
                    "mean": 0.5165234957533176,
                    "std": 0.018128934012015895,
                    "min": 0.48814328960645814,
                    "max": 0.5442038521354229,
                    "median": 0.5138198219035504
                },
                "cardinality": {
                    "scores": [
                        0.2678571428571429,
                        0.3660714285714286,
                        0.2857142857142857,
                        0.4196428571428571,
                        0.3125
                    ],
                    "mean": 0.3303571428571429,
                    "std": 0.055615755365705115,
                    "min": 0.2678571428571429,
                    "max": 0.4196428571428571,
                    "median": 0.3125
                },
                "random_forest_detection": {
                    "scores": [
                        0.4954591321897074,
                        0.5268879380131838,
                        0.5288757261647112,
                        0.5413326952984807,
                        0.5155978197842979
                    ],
                    "mean": 0.5216306622900762,
                    "std": 0.015424942007894979,
                    "min": 0.4954591321897074,
                    "max": 0.5413326952984807,
                    "median": 0.5268879380131838
                },
                "knn_detection": {
                    "scores": [
                        0.5343087790110999,
                        0.5204117034809761,
                        0.5314956145346851,
                        0.5335566455317622,
                        0.5031891453090571
                    ],
                    "mean": 0.5245923775735161,
                    "std": 0.011815224286487158,
                    "min": 0.5031891453090571,
                    "max": 0.5343087790110999,
                    "median": 0.5314956145346851
                }
            }
        },
        "multi_table": {
            "parent_child_discriminative_detection": {
                "scores": [
                    0.478823677265301,
                    0.4711715867158672,
                    0.5289171685035792,
                    0.5544696066746126,
                    0.48045790934320076
                ],
                "mean": 0.5027679897005121,
                "std": 0.03294310008157746,
                "min": 0.4711715867158672,
                "max": 0.5544696066746126,
                "median": 0.48045790934320076
            },
            "parent_child_discriminative_detection_with_children": {
                "scores": [
                    0.5043358049516149,
                    0.4844326568265683,
                    0.4933530280649926,
                    0.46710369487485104,
                    0.48577705827937095
                ],
                "mean": 0.48700044859947955,
                "std": 0.012205252090506465,
                "min": 0.46710369487485104,
                "max": 0.5043358049516149,
                "median": 0.48577705827937095
            }
        }
    }
}