{
    "dataset_name": "rossmann-store-sales",
    "metrics": {
        "single_table": {
            "store": {
                "xgboost_detection": {
                    "scores": [
                        0.4375,
                        0.4955357142857143,
                        0.49107142857142855,
                        0.4955357142857143,
                        0.4375
                    ],
                    "mean": 0.4714285714285714,
                    "std": 0.02775048262128581,
                    "min": 0.4375,
                    "max": 0.4955357142857143,
                    "median": 0.49107142857142855
                },
                "cardinality": {
                    "scores": [
                        0.9642857142857143,
                        0.9821428571428571,
                        0.9553571428571429,
                        0.9464285714285714,
                        0.9821428571428571
                    ],
                    "mean": 0.9660714285714285,
                    "std": 0.014285714285714266,
                    "min": 0.9464285714285714,
                    "max": 0.9821428571428571,
                    "median": 0.9642857142857143
                },
                "random_forest_detection": {
                    "scores": [
                        0.42410714285714285,
                        0.47767857142857145,
                        0.48214285714285715,
                        0.46875,
                        0.45089285714285715
                    ],
                    "mean": 0.4607142857142857,
                    "std": 0.021204182298282002,
                    "min": 0.42410714285714285,
                    "max": 0.48214285714285715,
                    "median": 0.46875
                },
                "random_forest_detection_with_children": {
                    "scores": [
                        0.5133928571428571,
                        0.5267857142857143,
                        0.5178571428571429,
                        0.5178571428571429,
                        0.5044642857142857
                    ],
                    "mean": 0.5160714285714285,
                    "std": 0.0072536057184249825,
                    "min": 0.5044642857142857,
                    "max": 0.5267857142857143,
                    "median": 0.5178571428571429
                },
                "knn_detection": {
                    "scores": [
                        0.5,
                        0.48660714285714285,
                        0.5,
                        0.5535714285714286,
                        0.4375
                    ],
                    "mean": 0.49553571428571425,
                    "std": 0.0370293595595138,
                    "min": 0.4375,
                    "max": 0.5535714285714286,
                    "median": 0.5
                },
                "knn_detection_with_children": {
                    "scores": [
                        0.5044642857142857,
                        0.5,
                        0.46875,
                        0.5133928571428571,
                        0.45535714285714285
                    ],
                    "mean": 0.48839285714285713,
                    "std": 0.02233927857713714,
                    "min": 0.45535714285714285,
                    "max": 0.5133928571428571,
                    "median": 0.5
                },
                "xgboost_detection_with_children": {
                    "scores": [
                        0.5267857142857143,
                        0.5267857142857143,
                        0.5178571428571429,
                        0.47767857142857145,
                        0.5044642857142857
                    ],
                    "mean": 0.5107142857142858,
                    "std": 0.01842836378620562,
                    "min": 0.47767857142857145,
                    "max": 0.5267857142857143,
                    "median": 0.5178571428571429
                },
                "mlp_detection": {
                    "scores": [
                        0.49107142857142855,
                        0.45535714285714285,
                        0.5,
                        0.48660714285714285,
                        0.5044642857142857
                    ],
                    "mean": 0.4875,
                    "std": 0.017267035362333674,
                    "min": 0.45535714285714285,
                    "max": 0.5044642857142857,
                    "median": 0.49107142857142855
                },
                "mlp_detection_with_children": {
                    "scores": [
                        0.4955357142857143,
                        0.5089285714285714,
                        0.5401785714285714,
                        0.49107142857142855,
                        0.5535714285714286
                    ],
                    "mean": 0.5178571428571429,
                    "std": 0.02477578022412788,
                    "min": 0.49107142857142855,
                    "max": 0.5535714285714286,
                    "median": 0.5089285714285714
                }
            },
            "test": {
                "xgboost_detection": {
                    "scores": [
                        0.5159345391903531,
                        0.5024707725683982,
                        0.5005341246290801,
                        0.505658500186544,
                        0.5106665059660118
                    ],
                    "mean": 0.5070528885080774,
                    "std": 0.005610282305914175,
                    "min": 0.5005341246290801,
                    "max": 0.5159345391903531,
                    "median": 0.505658500186544
                },
                "cardinality": {
                    "scores": [
                        0.9642857142857143,
                        0.9821428571428571,
                        0.9553571428571429,
                        0.9464285714285714,
                        0.9821428571428571
                    ],
                    "mean": 0.9660714285714285,
                    "std": 0.014285714285714266,
                    "min": 0.9464285714285714,
                    "max": 0.9821428571428571,
                    "median": 0.9642857142857143
                },
                "random_forest_detection": {
                    "scores": [
                        0.511135720438046,
                        0.5045197059178016,
                        0.502433234421365,
                        0.5131202586742942,
                        0.5391105218753767
                    ],
                    "mean": 0.5140638882653767,
                    "std": 0.01313896483248775,
                    "min": 0.502433234421365,
                    "max": 0.5391105218753767,
                    "median": 0.511135720438046
                },
                "knn_detection": {
                    "scores": [
                        0.5187646117878676,
                        0.5112691334217186,
                        0.5075370919881306,
                        0.5156075115035443,
                        0.6107026636133542
                    ],
                    "mean": 0.5327762024629231,
                    "std": 0.03914891744668178,
                    "min": 0.5075370919881306,
                    "max": 0.6107026636133542,
                    "median": 0.5156075115035443
                },
                "mlp_detection": {
                    "scores": [
                        0.49021779254337394,
                        0.49668554899361217,
                        0.512759643916914,
                        0.5164780499937819,
                        0.49668554899361217
                    ],
                    "mean": 0.5025653168882588,
                    "std": 0.010189142696714443,
                    "min": 0.49021779254337394,
                    "max": 0.5164780499937819,