{
    "dataset_name": "rossmann-store-sales",
    "metrics": {
        "single_table": {
            "store": {
                "mlp_detection": {
                    "scores": [
                        0.625,
                        0.5044642857142857,
                        0.5625,
                        0.75,
                        0.5,
                        0.5900900900900901,
                        0.5,
                        0.5945945945945946,
                        0.6036036036036037,
                        0.6981981981981982
                    ],
                    "mean": 0.5928450772200772,
                    "std": 0.07932823602888121,
                    "min": 0.5,
                    "max": 0.75,
                    "median": 0.5923423423423424
                },
                "cardinality": {
                    "scores": [
                        0.5625,
                        0.3839285714285714,
                        0.5089285714285714,
                        0.5714285714285714,
                        0.5535714285714286
                    ],
                    "mean": 0.5160714285714286,
                    "std": 0.06948241592265615,
                    "min": 0.3839285714285714,
                    "max": 0.5714285714285714,
                    "median": 0.5535714285714286
                },
                "logistic_detection": {
                    "scores": [
                        0.6116071428571429,
                        0.6026785714285714,
                        0.5580357142857143,
                        0.6294642857142857,
                        0.625,
                        0.5720720720720721,
                        0.6261261261261262,
                        0.5765765765765766,
                        0.6036036036036037,
                        0.5900900900900901
                    ],
                    "mean": 0.5995254182754183,
                    "std": 0.023486562760794694,
                    "min": 0.5580357142857143,
                    "max": 0.6294642857142857,
                    "median": 0.6031410875160875
                },
                "xgboost_detection": {
                    "scores": [
                        0.7410714285714286,
                        0.7232142857142857,
                        0.7142857142857143,
                        0.7410714285714286,
                        0.6830357142857143
                    ],
                    "mean": 0.7205357142857144,
                    "std": 0.021428571428571432,
                    "min": 0.6830357142857143,
                    "max": 0.7410714285714286,
                    "median": 0.7232142857142857
                },
                "random_forest_detection": {
                    "scores": [
                        0.75,
                        0.7142857142857143,
                        0.7366071428571429,
                        0.78125,
                        0.7589285714285714
                    ],
                    "mean": 0.7482142857142857,
                    "std": 0.022339278577137137,
                    "min": 0.7142857142857143,
                    "max": 0.78125,
                    "median": 0.75
                },
                "random_forest_detection_with_children": {
                    "scores": [
                        0.5,
                        0.5089285714285714,
                        0.5,
                        0.5,
                        0.5
                    ],
                    "mean": 0.5017857142857143,
                    "std": 0.0035714285714285587,
                    "min": 0.5,
                    "max": 0.5089285714285714,
                    "median": 0.5
                },
                "knn_detection": {
                    "scores": [
                        0.6919642857142857,
                        0.7410714285714286,
                        0.6964285714285714,
                        0.7142857142857143,
                        0.6785714285714286
                    ],
                    "mean": 0.7044642857142858,
                    "std": 0.021576867809990317,
                    "min": 0.6785714285714286,
                    "max": 0.7410714285714286,
                    "median": 0.6964285714285714
                },
                "knn_detection_with_children": {
                    "scores": [
                        0.7053571428571429,
                        0.7410714285714286,
                        0.6116071428571429,
                        0.6026785714285714,
                        0.59375
                    ],
                    "mean": 0.6508928571428572,
                    "std": 0.06038513721039615,
                    "min": 0.59375,
                    "max": 0.7410714285714286,
                    "median": 0.6116071428571429
                },
                "xgboost_detection_with_children": {
                    "scores": [
                        0.5,
                        0.5,
                        0.5,
                        0.5,
                        0.5
                    ],
                    "mean": 0.5,
                    "std": 0.0,
                    "min": 0.5,
                    "max": 0.5,
                    "median": 0.5
                }
            },
            "test": {
                "mlp_detection": {
                    "scores": [
                        0.9764982373678026,
                        0.9726504226752859,
                        0.9591297786720322,
                        0.9734322319622387,
                        0.970207910750507,
                        0.9702639078181142,
                        0.977743271221532,
                        0.9822622458725611,
                        0.9842836732043122,
                        0.9765246853823815
                    ],
                    "mean": 0.9742996364926768,
                    "std": 0.006718285899905222,
                    "min": 0.9591297786720322,
                    "max": 0.9842836732043122,
                    "median": 0.9749652346650206
                },
                "cardinality": {
                    "scores": [
                        0.5625,
                        0.3839285714285714,
                        0.5089285714285714,
                        0.5714285714285714,
                        0.5535714285714286
                    ],
                    "mean": 0.5160714285714286,
                    "std": 0.06948241592265615,
                    "min": 0.3839285714285714,
                    "max": 0.5714285714285714,
                    "median": 0.5535714285714286
                },
                "logistic_detection": {
                    "scores": [
                        0.9330199764982373,
                        0.9265290900049726,
                        0.9313380281690141,
                        0.9402562373567094,
                        0.9369929006085193,
                        0.9047206046338744,
                        0.9500517598343685,
                        0.9652067130577159,
                        0.9644109624626575,
                        0.9434898354307841
                    ],
                    "mean": 0.9396016108056854,
                    "std": 0.01703485574062872,
                    "min": 0.9047206046338744,
                    "max": 0.9652067130577159,
                    "median": 0.9386245689826143
                },
                "xgboost_detection": {
                    "scores": [
                        0.6518870414357351,
                        0.6353605674504138,
                        0.6252760736196319,
                        0.6118769883351007,
                        0.6364092906465788
                    ],
                    "mean": 0.632161992297492,
                    "std": 0.01323816642570624,
                    "min": 0.6118769883351007,
                    "max": 0.6518870414357351,