{
    "dataset_name": "rossmann-store-sales",
    "metrics": {
        "single_table": {
            "store": {
                "mlp_detection": {
                    "scores": [
                        0.625,
                        0.5044642857142857,
                        0.5625,
                        0.75,
                        0.5,
                        0.5900900900900901,
                        0.5,
                        0.5945945945945946,
                        0.6036036036036037,
                        0.6981981981981982
                    ],
                    "mean": 0.5928450772200772,
                    "std": 0.07932823602888121,
                    "min": 0.5,
                    "max": 0.75,
                    "median": 0.5923423423423424
                },
                "cardinality": {
                    "scores": [
                        0.5625,
                        0.3839285714285714,
                        0.5089285714285714,
                        0.5714285714285714,
                        0.5535714285714286,
                        0.4144144144144144,
                        0.5225225225225225,
                        0.5855855855855856,
                        0.5495495495495495,
                        0.4774774774774775
                    ],
                    "mean": 0.5129906692406693,
                    "std": 0.06470114422701223,
                    "min": 0.3839285714285714,
                    "max": 0.5855855855855856,
                    "median": 0.536036036036036
                },
                "logistic_detection": {
                    "scores": [
                        0.6116071428571429,
                        0.6026785714285714,
                        0.5580357142857143,
                        0.6294642857142857,
                        0.625,
                        0.5720720720720721,
                        0.6261261261261262,
                        0.5765765765765766,
                        0.6036036036036037,
                        0.5900900900900901
                    ],
                    "mean": 0.5995254182754183,
                    "std": 0.023486562760794694,
                    "min": 0.5580357142857143,
                    "max": 0.6294642857142857,
                    "median": 0.6031410875160875
                },
                "xgboost_detection": {
                    "scores": [
                        0.6875,
                        0.7946428571428571,
                        0.7410714285714286,
                        0.7544642857142857,
                        0.6741071428571429,
                        0.7792792792792793,
                        0.6351351351351351,
                        0.6981981981981982,
                        0.7657657657657657,
                        0.6981981981981982
                    ],
                    "mean": 0.722836229086229,
                    "std": 0.049037262644711616,
                    "min": 0.6351351351351351,
                    "max": 0.7946428571428571,
                    "median": 0.7196348133848134
                }
            },
            "test": {
                "mlp_detection": {
                    "scores": [
                        0.9764982373678026,
                        0.9726504226752859,
                        0.9591297786720322,
                        0.9734322319622387,
                        0.970207910750507,
                        0.9702639078181142,
                        0.977743271221532,
                        0.9822622458725611,
                        0.9842836732043122,
                        0.9765246853823815
                    ],
                    "mean": 0.9742996364926768,
                    "std": 0.006718285899905222,
                    "min": 0.9591297786720322,
                    "max": 0.9842836732043122,
                    "median": 0.9749652346650206
                },
                "cardinality": {
                    "scores": [
                        0.5625,
                        0.3839285714285714,
                        0.5089285714285714,
                        0.5714285714285714,
                        0.5535714285714286,
                        0.4144144144144144,
                        0.5225225225225225,
                        0.5855855855855856,
                        0.5495495495495495,
                        0.4774774774774775
                    ],
                    "mean": 0.5129906692406693,
                    "std": 0.06470114422701223,
                    "min": 0.3839285714285714,
                    "max": 0.5855855855855856,
                    "median": 0.536036036036036
                },
                "logistic_detection": {
                    "scores": [
                        0.9330199764982373,
                        0.9265290900049726,
                        0.9313380281690141,
                        0.9402562373567094,
                        0.9369929006085193,
                        0.9047206046338744,
                        0.9500517598343685,
                        0.9652067130577159,
                        0.9644109624626575,
                        0.9434898354307841
                    ],
                    "mean": 0.9396016108056854,
                    "std": 0.01703485574062872,
                    "min": 0.9047206046338744,
                    "max": 0.9652067130577159,
                    "median": 0.9386245689826143
                },
                "xgboost_detection": {
                    "scores": [
                        0.6091316970176828,
                        0.5867594903454617,
                        0.5765644171779141,
                        0.6024655355249204,
                        0.6081607030759573,
                        0.5883706844336766,
                        0.5828317194451714,
                        0.6145391949152542,
                        0.6056890012642225,
                        0.5796252927400468
                    ],
                    "mean": 0.5954137735940307,
                    "std": 0.013263254502735454,
                    "min": 0.5765644171779141,
                    "max": 0.6145391949152542,
                    "median": 0.5954181099792986
                }
            }
        },
        "multi_table": {
            "parent_child_discriminative_detection": {
                "scores": [
                    0.6505913272010513,
                    0.7683852394661084,
                    0.7345890410958904,
                    0.7942457436980335,
                    0.6645403377110695,
                    0.7227459511723471,
                    0.671097211363044,
                    0.7593251614603928,
                    0.8170025188916876,
                    0.749902761571373
                ],
                "mean": 0.7332425293630996,
                "std": 0.053343461892041394,
                "min": 0.6505913272010513,
                "max": 0.8170025188916876,
                "median": 0.7422459013336318
            }
        }
    }
}