{
    "dataset_name": "rossmann-store-sales",
    "metrics": {
        "single_table": {
            "store": {
                "logistic_detection": {
                    "scores": [
                        0.6116071428571429,
                        0.6026785714285714,
                        0.5580357142857143,
                        0.6294642857142857,
                        0.625,
                        0.5720720720720721,
                        0.6261261261261262,
                        0.5765765765765766,
                        0.6036036036036037,
                        0.5900900900900901
                    ],
                    "mean": 0.5995254182754183,
                    "std": 0.023486562760794694,
                    "min": 0.5580357142857143,
                    "max": 0.6294642857142857,
                    "median": 0.6031410875160875
                },
                "random_forest_detection": {
                    "scores": [
                        0.7946428571428571,
                        0.8035714285714286,
                        0.7901785714285714,
                        0.8169642857142857,
                        0.8214285714285714,
                        0.7297297297297297,
                        0.7522522522522522,
                        0.7927927927927928,
                        0.8243243243243243,
                        0.8378378378378378
                    ],
                    "mean": 0.7963722651222651,
                    "std": 0.03169598943288365,
                    "min": 0.7297297297297297,
                    "max": 0.8378378378378378,
                    "median": 0.7991071428571428
                },
                "cardinality": {
                    "scores": [
                        0.625,
                        0.5892857142857143,
                        0.4642857142857143,
                        0.5089285714285714,
                        0.4732142857142857,
                        0.45945945945945943,
                        0.5855855855855856,
                        0.5585585585585586,
                        0.5045045045045045,
                        0.6036036036036037
                    ],
                    "mean": 0.5372425997425998,
                    "std": 0.05911942185911043,
                    "min": 0.45945945945945943,
                    "max": 0.625,
                    "median": 0.533743564993565
                }
            },
            "test": {
                "logistic_detection": {
                    "scores": [
                        0.9330199764982373,
                        0.9267777225261065,
                        0.9313380281690141,
                        0.9402562373567094,
                        0.9369929006085193,
                        0.9048445050179655,
                        0.9499223602484472,
                        0.9650702687951972,
                        0.9635017534744772,
                        0.9436108422071636
                    ],
                    "mean": 0.9395334594901839,
                    "std": 0.016833781052271634,
                    "min": 0.9048445050179655,
                    "max": 0.9650702687951972,
                    "median": 0.9386245689826143
                },
                "random_forest_detection": {
                    "scores": [
                        0.9684031857944901,
                        0.9640726006961711,
                        0.9616448692152918,
                        0.9637221847606203,
                        0.9693204868154158,
                        0.9622103828521869,
                        0.973343685300207,
                        0.9766680311092919,
                        0.9784387582802961,
                        0.967812197483059
                    ],
                    "mean": 0.9685636382307031,
                    "std": 0.005648482683921138,
                    "min": 0.9616448692152918,
                    "max": 0.9784387582802961,
                    "median": 0.9681076916387745
                },
                "cardinality": {
                    "scores": [
                        0.625,
                        0.5892857142857143,
                        0.4642857142857143,
                        0.5089285714285714,
                        0.4732142857142857,
                        0.45945945945945943,
                        0.5855855855855856,
                        0.5585585585585586,
                        0.5045045045045045,
                        0.6036036036036037
                    ],
                    "mean": 0.5372425997425998,
                    "std": 0.05911942185911043,
                    "min": 0.45945945945945943,
                    "max": 0.625,
                    "median": 0.533743564993565
                }
            }
        },
        "multi_table": {}
    }
}