{
    "dataset_name": "telstra-competition-dataset",
    "metrics": {
        "single_table": {
            "event_type": {
                "xgboost_detection": {
                    "scores": [
                        0.5599041533546326,
                        0.5515713134568896,
                        0.5514128728414442,
                        0.5783034257748777,
                        0.5846839546191248,
                        0.5689375506893755,
                        0.5744426751592356,
                        0.5685096153846154,
                        0.5748598879103283,
                        0.5795363709032774
                    ],
                    "mean": 0.5692161820093802,
                    "std": 0.010968563659596833,
                    "min": 0.5514128728414442,
                    "max": 0.5846839546191248,
                    "median": 0.5716901129243055
                },
                "cardinality": {
                    "scores": [
                        0.9769959404600812,
                        0.940379403794038,
                        0.9552845528455285,
                        0.9498644986449865,
                        0.9498644986449865,
                        0.9471544715447154,
                        0.967479674796748,
                        0.9566395663956639,
                        0.9688346883468835,
                        0.9579945799457995
                    ],
                    "mean": 0.957049187541943,
                    "std": 0.010624350057417666,
                    "min": 0.940379403794038,
                    "max": 0.9769959404600812,
                    "median": 0.9559620596205962
                }
            },
            "log_feature": {
                "xgboost_detection": {
                    "scores": [
                        0.703301295445048,
                        0.6974009900990099,
                        0.7037267080745342,
                        0.6909406155179887,
                        0.6849978929624947,
                        0.7047986289631534,
                        0.6952662721893491,
                        0.7110522022838499,
                        0.7015892931827687,
                        0.7003338898163606
                    ],
                    "mean": 0.6993407788534558,
                    "std": 0.007103205080635401,
                    "min": 0.6849978929624947,
                    "max": 0.7110522022838499,
                    "median": 0.7009615914995646
                },
                "cardinality": {
                    "scores": [
                        0.8538565629228687,
                        0.8455284552845528,
                        0.8116531165311653,
                        0.8197831978319783,
                        0.7710027100271003,
                        0.8211382113821138,
                        0.7899728997289973,
                        0.8428184281842819,
                        0.8224932249322493,
                        0.8197831978319783
                    ],
                    "mean": 0.8198030004657285,
                    "std": 0.02387027188762338,
                    "min": 0.7710027100271003,
                    "max": 0.8538565629228687,
                    "median": 0.820460704607046
                }
            },
            "resource_type": {
                "xgboost_detection": {
                    "scores": [
                        0.5358796296296297,
                        0.6042908224076281,
                        0.5467289719626168,
                        0.5304295942720764,
                        0.512589928057554,
                        0.548926014319809,
                        0.5715962441314554,
                        0.6107142857142858,
                        0.5609467455621302,
                        0.5521077283372365
                    ],
                    "mean": 0.5574209964394423,
                    "std": 0.029440498833808844,
                    "min": 0.512589928057554,
                    "max": 0.6107142857142858,
                    "median": 0.5505168713285228
                },
                "cardinality": {
                    "scores": [
                        0.9499323410013532,
                        0.8929539295392954,
                        0.8970189701897019,
                        0.9173441734417345,
                        0.8929539295392954,
                        0.8915989159891599,
                        0.8970189701897019,
                        0.8753387533875339,
                        0.9024390243902439,
                        0.9200542005420054
                    ],
                    "mean": 0.9036653208210025,
                    "std": 0.01965618389914755,
                    "min": 0.8753387533875339,
                    "max": 0.9499323410013532,
                    "median": 0.8970189701897019
                }
            },
            "severity_type": {
                "xgboost_detection": {
                    "scores": [
                        0.5115020297699594,
                        0.5494579945799458,
                        0.5203252032520326,
                        0.5331978319783198,
                        0.5230352303523035,
                        0.537940379403794,
                        0.5121951219512195,
                        0.5420054200542005,
                        0.5128726287262872,
                        0.5311653116531165
                    ],
                    "mean": 0.527369715172118,
                    "std": 0.01273906796728376,
                    "min": 0.5115020297699594,
                    "max": 0.5494579945799458,
                    "median": 0.52710027100271
                },
                "cardinality": {
                    "scores": [
                        1.0,
                        1.0,
                        1.0,
                        1.0,
                        1.0,
                        1.0,
                        1.0,
                        1.0,
                        1.0,
                        1.0
                    ],
                    "mean": 1.0,
                    "std": 0.0,
                    "min": 1.0,
                    "max": 1.0,
                    "median": 1.0
                }
            },
            "train": {
                "xgboost_detection": {
                    "scores": [
                        0.5581867388362652,
                        0.5799457994579946,
                        0.5589430894308943,
                        0.5636856368563685,
                        0.5697831978319783,
                        0.573170731707317,
                        0.5643631436314364,
                        0.5636856368563685,
                        0.5799457994579946,
                        0.5467479674796748
                    ],
                    "mean": 0.5658457741546292,
                    "std": 0.009743430675254261,
                    "min": 0.5467479674796748,
                    "max": 0.5799457994579946,
                    "median": 0.5640243902439024
                },