{
    "dataset_name": "telstra-competition-dataset",
    "metrics": {
        "single_table": {
            "event_type": {
                "xgboost_detection": {
                    "scores": [
                        0.5074989866234293,
                        0.5092099877200164,
                        0.5136546184738956,
                        0.48859934853420195,
                        0.5018450184501845,
                        0.5008203445447088,
                        0.5049586776859504,
                        0.5083776052308949,
                        0.5125201938610663,
                        0.5079232693911593
                    ],
                    "mean": 0.5055408050515507,
                    "std": 0.006847336648037357,
                    "min": 0.48859934853420195,
                    "max": 0.5136546184738956,
                    "median": 0.5077111280072943
                },
                "cardinality": {
                    "scores": [
                        0.9769959404600812,
                        0.967479674796748,
                        0.9742547425474255,
                        0.9308943089430894,
                        0.9525745257452575,
                        0.967479674796748,
                        0.9444444444444444,
                        0.9390243902439024,
                        0.9281842818428184,
                        0.9078590785907859
                    ],
                    "mean": 0.9489191062411301,
                    "std": 0.021659258350049518,
                    "min": 0.9078590785907859,
                    "max": 0.9769959404600812,
                    "median": 0.948509485094851
                }
            },
            "log_feature": {
                "xgboost_detection": {
                    "scores": [
                        0.5745007680491552,
                        0.5655923740354063,
                        0.5774736842105264,
                        0.5634517766497462,
                        0.5786065207682001,
                        0.6057190565643916,
                        0.5471085120207927,
                        0.5921742638160549,
                        0.588768898488121,
                        0.5790267011197244
                    ],
                    "mean": 0.577242255572212,
                    "std": 0.015534834693356998,
                    "min": 0.5471085120207927,
                    "max": 0.6057190565643916,
                    "median": 0.5780401024893632
                },
                "cardinality": {
                    "scores": [
                        0.8944519621109608,
                        0.8753387533875339,
                        0.9539295392953929,
                        0.9254742547425474,
                        0.8915989159891599,
                        0.9159891598915989,
                        0.8699186991869918,
                        0.9051490514905149,
                        0.8821138211382114,
                        0.940379403794038
                    ],
                    "mean": 0.9054343561026951,
                    "std": 0.02666272471294047,
                    "min": 0.8699186991869918,
                    "max": 0.9539295392953929,
                    "median": 0.8998005068007379
                }
            },
            "resource_type": {
                "xgboost_detection": {
                    "scores": [
                        0.49346793349168644,
                        0.4979496192149971,
                        0.4982517482517482,
                        0.5059311981020166,
                        0.4943283582089552,
                        0.5035671819262783,
                        0.4902200488997555,
                        0.5026178010471204,
                        0.4895421141888072,
                        0.4904899135446686
                    ],
                    "mean": 0.4966365916876033,
                    "std": 0.0056496375808416065,
                    "min": 0.4895421141888072,
                    "max": 0.5059311981020166,
                    "median": 0.49613898871197615
                },
                "cardinality": {
                    "scores": [
                        0.9621109607577808,
                        0.9661246612466124,
                        0.989159891598916,
                        0.991869918699187,
                        0.981029810298103,
                        0.978319783197832,
                        0.9390243902439024,
                        0.943089430894309,
                        0.9634146341463414,
                        0.9701897018970189
                    ],
                    "mean": 0.9684333182980003,
                    "std": 0.01678109273056373,
                    "min": 0.9390243902439024,
                    "max": 0.991869918699187,
                    "median": 0.9681571815718157
                }
            },
            "severity_type": {
                "xgboost_detection": {
                    "scores": [
                        0.4986468200270636,
                        0.4695121951219512,
                        0.5047425474254743,
                        0.4959349593495935,
                        0.5,
                        0.505420054200542,
                        0.47696476964769646,
                        0.5040650406504065,
                        0.481029810298103,
                        0.491869918699187
                    ],
                    "mean": 0.4928186115420018,
                    "std": 0.012071122365962927,
                    "min": 0.4695121951219512,
                    "max": 0.505420054200542,
                    "median": 0.4972908896883286
                },
                "cardinality": {
                    "scores": [
                        1.0,
                        1.0,
                        1.0,
                        1.0,
                        1.0,
                        1.0,
                        1.0,
                        1.0,
                        1.0,
                        1.0
                    ],
                    "mean": 1.0,
                    "std": 0.0,
                    "min": 1.0,
                    "max": 1.0,
                    "median": 1.0
                }
            },
            "train": {
                "xgboost_detection": {
                    "scores": [
                        0.5148849797023004,
                        0.4993224932249323,
                        0.521680216802168,
                        0.5,
                        0.4722222222222222,
                        0.5237127371273713,
                        0.4986449864498645,
                        0.497289972899729,
                        0.49254742547425473,
                        0.5196476964769647
                    ],
                    "mean": 0.5039952730379808,
                    "std": 0.01522196887113623,
                    "min": 0.4722222222222222,
                    "max": 0.5237127371273713,
                    "median": 0.49966124661246614
                },