feature,importance
value10,0.5286997
value5,0.17143047
value1,0.14520602
value6,0.12266518
value8,0.023373526
value7,0.006821013
value4,0.0009663825
value3,0.00023891967
value9,0.00021852112
value11,0.0002023451
value0,0.00017787653
value2,0.0
