feature,importance
value10,0.36723083
value5,0.1545374
value1,0.11818825
value3,0.1143876
value7,0.086319745
value6,0.079440065
value8,0.06895076
value9,0.0060846517
value11,0.0025677863
value0,0.0022832297
value4,9.552806e-06
value2,0.0
