feature,importance
value10,0.5636544
value5,0.12758556
value6,0.1151324
value1,0.10289934
value7,0.036110137
value3,0.02852513
value8,0.02457271
value11,0.0009701036
value0,0.0004671857
value9,7.419671e-05
value4,8.85677e-06
value2,0.0
