feature,importance
value10,0.5518925
value1,0.14196517
value6,0.13219832
value5,0.12982403
value8,0.031411566
value9,0.0069704205
value7,0.004998101
value3,0.0005855933
value0,8.730395e-05
value11,6.406986e-05
value4,2.9383314e-06
value2,0.0
