feature,importance
value7,0.19591075
value3,0.17971252
value8,0.1644956
value1,0.13540964
value0,0.10434203
value5,0.09671411
value10,0.069050394
value4,0.030075394
value9,0.024289517
value2,0.0
value6,0.0
