feature,importance
value9,0.5202266
value2,0.12735544
value6,0.12585369
value7,0.08190735
value5,0.06984527
value1,0.04046108
value4,0.018245721
value0,0.00821353
value10,0.0047106305
value3,0.0017525407
value8,0.0014281722
