feature,importance
value10,0.5485913
value5,0.14765511
value1,0.13319853
value6,0.121614784
value8,0.036455832
value7,0.010073511
value3,0.0010374966
value4,0.0008234777
value9,0.00028619514
value0,0.00019886928
value11,6.4791246e-05
value2,0.0
