feature,importance
value10,0.5154633
value5,0.1738208
value1,0.13295144
value6,0.118637905
value8,0.036339145
value7,0.011884442
value3,0.008863464
value0,0.00085086905
value11,0.0005963267
value4,0.00037305654
value9,0.00021922648
value2,0.0
