feature,importance
value9,0.7158644
value5,0.06593176
value1,0.056123666
value6,0.055419717
value3,0.049660448
value7,0.037077717
value0,0.009117097
value10,0.0050682677
value4,0.0040575857
value8,0.0016793577
value2,0.0
