feature,importance
value10,0.32371253
value7,0.2202606
value3,0.20695147
value8,0.09644445
value6,0.0704836
value1,0.048440464
value5,0.027966844
value11,0.003336778
value0,0.0013867551
value4,0.00065547053
value9,0.00036103037
value2,0.0
