feature,importance
value3,0.098067544
value2,0.08015146
value2,0.07700497
value1,0.07528321
CompetitionOpenSinceMonth,0.0723573
Promo2SinceWeek,0.067015275
value3,0.06534541
Promo2SinceYear,0.06492408
value0,0.06332505
CompetitionOpenSinceYear,0.061859243
value2,0.060222257
CompetitionDistance,0.058490347
Promo2,0.04868388
value0,0.04844969
value0,0.04709508
value1,0.011725192
value1,0.0
