feature,importance
value0,0.08879345
CompetitionOpenSinceYear,0.08589866
value3,0.083344065
CompetitionOpenSinceMonth,0.07839725
Promo2SinceWeek,0.07770258
CompetitionDistance,0.07253203
value0,0.071940094
value1,0.067730345
Promo2SinceYear,0.06752296
value0,0.06308164
value2,0.060597647
value2,0.059094038
value2,0.053463038
Promo2,0.046270233
value1,0.023631928
value1,0.0
value3,0.0
