feature,importance
value1,0.101378225
value3,0.0813242
value2,0.07906174
value0,0.07576173
value2,0.073418185
Promo2SinceWeek,0.07275973
CompetitionOpenSinceYear,0.072333574
Promo2SinceYear,0.07190731
CompetitionDistance,0.07044323
CompetitionOpenSinceMonth,0.07043147
value0,0.06842231
Promo2,0.06306512
value0,0.060260843
value2,0.03943233
value1,0.0
value1,0.0
value3,0.0
