feature,importance
value2,0.0972397
value2,0.0959855
value3,0.08325944
value2,0.07329279
Promo2SinceYear,0.069139056
CompetitionOpenSinceMonth,0.062635764
value3,0.06252339
Promo2SinceWeek,0.060531866
CompetitionOpenSinceYear,0.059806414
CompetitionDistance,0.05819361
value0,0.049380373
value1,0.04878449
Promo2,0.048502155
value0,0.04783737
value0,0.041889336
value1,0.040998753
value1,0.0
