feature,importance
value0,0.105656385
value2,0.089148745
value0,0.08602291
value2,0.08350902
Promo2SinceWeek,0.08055345
CompetitionOpenSinceMonth,0.07808038
value1,0.0743517
CompetitionOpenSinceYear,0.07208565
CompetitionDistance,0.06391002
value3,0.060492862
value0,0.05518998
Promo2SinceYear,0.054117046
Promo2,0.052525036
value2,0.028581806
value1,0.015775058
value1,0.0
value3,0.0
