feature,importance
value3,0.42614874
value1,0.23059095
type,0.14927347
value4,0.07512465
value6,0.04632321
charge,0.041152947
value5,0.031386044
value0,0.0
value2,0.0
