feature,importance
value3,0.43640673
value1,0.18932043
type,0.14927134
value4,0.06417847
value6,0.06283311
value5,0.06082967
charge,0.03716033
value0,0.0
value2,0.0
