feature,importance
value3,0.4224349
value1,0.17036422
type,0.14966926
value4,0.09235654
value5,0.068592474
value6,0.06282008
charge,0.033762455
value0,0.0
value2,0.0
