feature,importance
value3,0.42353597
value1,0.19522852
type,0.1516102
value5,0.07105035
value4,0.06701851
value6,0.05614492
charge,0.03541147
value0,0.0
value2,0.0
