feature,importance
value3,0.41634142
value1,0.21271461
type,0.14863487
value5,0.07365393
value4,0.06424821
value6,0.050595965
charge,0.033810925
value0,0.0
value2,0.0
