feature,importance
value3,0.4803869
type,0.1454238
value1,0.13311419
value6,0.08033775
value4,0.064114586
value5,0.05660021
charge,0.040022563
value0,0.0
value2,0.0
