feature,importance
value3,0.40114924
value1,0.22457589
type,0.14478046
value6,0.07400858
value4,0.0703853
value5,0.049562212
charge,0.035538286
value0,0.0
value2,0.0
