feature,importance
value3,0.47626373
value1,0.18868387
type,0.13893539
value4,0.06104681
value6,0.05377182
value5,0.04531593
charge,0.0359824
value0,0.0
value2,0.0
