feature,importance
value3,0.4830891
value1,0.20415284
type,0.16908514
value5,0.051721614
value4,0.04838674
charge,0.04356459
value0,0.0
value2,0.0
