feature,importance
value3,0.4182857
value1,0.18580568
type,0.14957297
value4,0.08669057
value5,0.07735393
value6,0.047484647
charge,0.034806546
value0,0.0
value2,0.0
