feature,importance
ind1,0.32307693
value0,0.24607936
logp,0.23537406
lumo,0.19546959
inda,0.0
value1,0.0
