feature,importance
ind1,0.3811473
value0,0.24728106
logp,0.20400056
lumo,0.16757102
inda,0.0
value1,0.0
