feature,importance
inda,0.6928457
ind1,0.11006741
logp,0.06932545
value0,0.06731764
lumo,0.06044378
value1,0.0
