feature,importance
inda,0.48489186
ind1,0.18010616
value0,0.14965351
logp,0.09654918
lumo,0.08879936
value1,0.0
