feature,importance
inda,0.35880664
ind1,0.209222
value0,0.16323413
logp,0.14569978
lumo,0.123037376
value1,0.0
