feature,importance
ind1,0.3647906
value0,0.25186053
logp,0.21274808
lumo,0.17060079
inda,0.0
value1,0.0
