feature,importance
inda,0.40441877
ind1,0.20921186
value0,0.1651438
logp,0.118549
lumo,0.102676645
value1,0.0
