feature,importance
inda,0.466053
value0,0.18319416
ind1,0.17039067
logp,0.09279217
lumo,0.0875699
value1,0.0
