feature,importance
ind1,0.4114139
value0,0.22263312
logp,0.20213357
lumo,0.16381937
inda,0.0
value1,0.0
