feature,importance
inda,0.28056008
ind1,0.27335992
value0,0.19769889
logp,0.13904047
lumo,0.10934069
value1,0.0
