feature,importance
value1,0.56128
value9,0.24597123
value3,0.071037024
value5,0.04102215
value2,0.039662063
value0,0.034100063
value6,0.0038143182
value7,0.0026478972
value8,0.00032805814
value4,0.00013708133
