feature,importance
value1,0.42997816
value9,0.23999745
value0,0.095866375
value3,0.08701735
value6,0.05585928
value5,0.04788387
value2,0.033692107
value8,0.0048901886
value7,0.004605311
value4,0.00020986516
