feature,importance
value9,0.36737487
value1,0.31169853
value5,0.13169882
value3,0.09344596
value0,0.060804818
value4,0.022548437
value6,0.011895327
value7,0.000391592
value8,0.00010707732
value2,3.455885e-05
