feature,importance
value9,0.42301264
value1,0.32901356
value3,0.094893016
value6,0.048632305
value7,0.03661797
value0,0.035697225
value8,0.014863725
value2,0.013814239
value5,0.0028679115
value4,0.0005873955
