feature,importance
value1,0.49553332
value9,0.16566257
value3,0.09739109
value0,0.078704126
value5,0.045641746
value6,0.043341212
value8,0.029775681
value4,0.025774004
value2,0.010317927
value7,0.007858339
