feature,importance
value1,0.47884956
value9,0.32089904
value3,0.062009424
value0,0.051667362
value5,0.042287055
value6,0.032768507
value4,0.0072345864
value7,0.004218218
value2,4.1759973e-05
value8,2.4511455e-05
