feature,importance
value1,0.47220492
value9,0.24359117
value3,0.13985197
value6,0.04213611
value5,0.03499188
value4,0.02194623
value0,0.020044351
value8,0.012295397
value2,0.010521093
value7,0.002416913
