feature,importance
value1,0.5044009
value9,0.20855772
value6,0.08483834
value5,0.05934941
value0,0.046716277
value7,0.035337884
value8,0.026334958
value4,0.017365834
value2,0.01049357
value3,0.0066049634
