feature,importance
value9,0.32810295
value1,0.27716005
value5,0.14595084
value0,0.060050473
value2,0.054991845
value6,0.04438983
value3,0.04376076
value7,0.017991465
value8,0.01685517
value4,0.010746706
