feature,importance
value1,0.38877776
value9,0.2698012
value3,0.10346387
value0,0.09402846
value5,0.055962812
value2,0.033169147
value7,0.022071809
value6,0.016833913
value4,0.011028629
value8,0.0048624272
