feature,importance
value2,0.55117506
value4,0.40791625
value0,0.034631826
value1,0.0062758974
value3,9.808741e-07
