feature,importance
value4,0.5257803
value2,0.46087453
value0,0.012686841
value1,0.0006582299
value3,0.0
