feature,importance
value2,0.53493565
value4,0.45155334
value1,0.0124965515
value0,0.0010139163
value3,5.463466e-07
