feature,importance
value2,0.5240542
value4,0.39265525
value0,0.08328041
value1,1.0104448e-05
value3,0.0
