feature,importance
value4,0.53149456
value2,0.46624157
value3,0.0021580544
value0,0.000105841646
value1,0.0
