feature,importance
value2,0.5266904
value4,0.43598184
value0,0.024097176
value1,0.013229641
value3,9.602227e-07
