feature,importance
value2,0.59404707
value4,0.34420758
value1,0.056427628
value0,0.005316949
value3,8.2872214e-07
