feature,importance
value2,0.6383458
value4,0.35620296
value0,0.005234731
value1,0.00021660222
value3,0.0
