feature,importance
value2,0.5655329
value4,0.40205258
value3,0.02628822
value0,0.006126306
value1,0.0
