feature,importance
value2,0.4965784
value4,0.48910347
value3,0.014280097
value0,3.800084e-05
value1,0.0
