feature,importance
value8,0.3098642
value3,0.26934192
value4,0.20195332
value7,0.123335786
value11,0.041523367
value1,0.023646135
value0,0.01718366
value5,0.009812455
value9,0.0033391481
value2,0.0
value6,0.0
value10,0.0
