feature,importance
value7,0.23121026
value2,0.20496656
value8,0.1265991
value3,0.11619088
value10,0.106460676
value4,0.08792742
value0,0.06097182
value6,0.03481429
value1,0.030858899
value5,0.0
value9,0.0
