feature,importance
value5,0.3741711
value9,0.26315057
value1,0.20045586
value11,0.07363798
value4,0.040951144
value3,0.038874764
value8,0.0051932293
value0,0.0019424835
value7,0.0016229185
value2,0.0
value6,0.0
value10,0.0
