feature,importance
value8,0.28914514
value4,0.21271034
value3,0.2002209
value7,0.17977168
value0,0.043916337
value5,0.025214972
value9,0.018018048
value1,0.016411163
value11,0.014591294
value2,0.0
value6,0.0
value10,0.0
