feature,importance
value9,0.23142384
value5,0.16225992
value3,0.14474343
value4,0.11577
value1,0.099798016
value0,0.09816041
value8,0.08442342
value11,0.051678356
value7,0.0117426505
value2,0.0
value6,0.0
value10,0.0
