feature,importance
value3,0.26324835
value8,0.25810382
value4,0.13724236
value9,0.10927351
value11,0.070549645
value5,0.06940475
value1,0.044068154
value7,0.03943539
value0,0.008674103
value2,0.0
value6,0.0
value10,0.0
