feature,importance
value3,0.27067342
value9,0.19743733
value8,0.17994359
value4,0.14931828
value7,0.1126996
value11,0.03481624
value0,0.020646848
value5,0.019832503
value1,0.014632186
value2,0.0
value6,0.0
value10,0.0
