feature,importance
value5,0.4413178
value1,0.22939934
value0,0.09685213
value8,0.07501637
value10,0.06891065
value3,0.06054659
value7,0.014656542
value4,0.011437678
value6,0.0018629022
value2,0.0
value9,0.0
