feature,importance
value3,0.36742234
value4,0.2366967
value8,0.12149152
value9,0.10428743
value7,0.06808885
value11,0.057010185
value0,0.02051924
value1,0.016419314
value5,0.008064406
value2,0.0
value6,0.0
value10,0.0
