feature,importance
value5,0.22846194
value7,0.14919747
value8,0.1260699
value9,0.117187455
value3,0.11223263
value1,0.0854614
value4,0.084885255
value10,0.08129966
value0,0.015204305
value2,0.0
value6,0.0
